nome,genero,data_nascimento,presença_plenario,ausencia_justificada_plenario,ausencia_plenario,presença_comissao,ausencia_justificada_comissao,ausencia_comissao,gasto_total_par,gasto_jan_par,gasto_fev_par,gasto_mar_par,gasto_abr_par,gasto_mai_par,gasto_jun_par,gasto_jul_par,gasto_ago_par,gasto_set_par,gasto_out_par,gasto_nov_par,gasto_dez_par,salario_bruto_par,gasto_total_gab,gasto_jan_gab,gasto_fev_gab,gasto_mar_gab,gasto_abr_gab,gasto_mai_gab,gasto_jun_gab,gasto_jul_gab,gasto_ago_gab,gasto_set_gab,gasto_out_gab,gasto_nov_gab,gasto_dez_gab,salario_bruto,quant_viagem,avatar
JOSE ABILIO SILVA DE SANTANA,M,13/02/1965,74,0,0,14,0,10,247344.95,33227.0,39252.23,40431.29,42361.77,47223.74,35504.89,9344.03,NaN,NaN,NaN,0.0,NaN,276431.72000000003,1108321.75,111465.4,110533.22,110100.41,110786.04,110880.16,111233.47,110081.76,111544.21,110215.8,111481.28,NaN,NaN,33763.0,0,https://www.camara.leg.br/internet/deputado/bandep/pagina_do_deputado/204554.jpg
JOSÉ ALFONSO EBERT HAMM,M,25/04/1962,82,9,1,23,4,15,355459.48,26704.69,37647.85,52022.57,63625.31,51839.35,42409.07,42196.47,28461.64,7062.58,2561.65,928.3,NaN,449634.89999999997,1113027.42,111586.8,111586.8,111586.8,109249.43,111405.22,111659.59,111016.81,111616.75,111659.61,111659.61,NaN,NaN,33763.0,0,https://www.camara.leg.br/internet/deputado/bandep/pagina_do_deputado/136811.jpg
ACÁCIO DA SILVA FAVACHO NETO,M,28/09/1983,62,30,0,7,10,13,359004.95,53128.93,68164.59,36043.19,33949.34,34152.0,31013.23,28767.5,36398.45,23741.26,13646.46,0.0,NaN,477122.58,1102803.66,111580.74,110219.17,111580.74,111580.74,111616.38,111344.83,104998.59,107400.25,111241.11,111241.11,NaN,NaN,33763.0,0,https://www.camara.leg.br/internet/deputado/bandep/pagina_do_deputado/204379.jpg
AELTON JOSÉ DE FREITAS,M,15/12/1961,83,2,7,22,2,14,367910.16,37592.87,44508.37,46095.45,33084.47,49928.24,19715.12,38644.85,22680.38,19806.39,55061.64,792.38,NaN,397019.81,1102022.19,111326.04,111343.59,111629.35,111629.35,111457.94,111397.84,107361.35,107874.6,107874.6,110127.53,NaN,NaN,33763.0,0,https://www.camara.leg.br/internet/deputado/bandep/pagina_do_deputado/141372.jpg
AÉCIO NEVES DA CUNHA,M,10/03/1960,82,10,0,5,2,9,277091.6,39186.59,27534.82,38926.5,34658.66,30032.66,23189.71,18791.37,19260.07,25008.05,18219.61,2283.56,NaN,403134.67,1060028.98,94326.9,95955.27,100909.09,106586.03,109801.6,110143.24,110143.24,109220.27,111471.67,111471.67,NaN,NaN,33763.0,1,https://www.camara.leg.br/internet/deputado/bandep/pagina_do_deputado/74646.jpg
AFONSO ANTUNES DA MOTTA,M,08/01/1950,90,0,2,33,10,16,352048.4,32139.72,33987.87,68366.38,63600.42,35921.8,29311.4,34287.44,24321.7,16769.66,12379.32,962.69,NaN,451712.78,1032442.88,104034.98,104034.98,103913.86,100280.23,99498.32,99974.51,104249.61,105630.26,105630.26,105195.87,NaN,NaN,33763.0,0,https://www.camara.leg.br/internet/deputado/bandep/pagina_do_deputado/178835.jpg
AFONSO BANDEIRA FLORENCE,M,15/10/1960,79,13,0,7,2,15,323535.74,49117.18,40471.77,63232.46,51564.67,16600.9,32319.33,21335.62,19915.04,12458.57,16520.2,0.0,NaN,429525.26,1113757.81,111448.69,111580.78,111503.72,111580.81,111279.06,111350.26,110053.76,111653.57,111653.58,111653.58,NaN,NaN,33763.0,0,https://www.camara.leg.br/internet/deputado/bandep/pagina_do_deputado/160508.jpg
ADRIANO ANTÔNIO AVELAR,M,06/09/1969,84,7,1,9,0,0,238135.82,26827.37,31162.48,34102.08,32659.2,43822.18,18733.88,26482.48,13476.34,5457.03,5412.78,0.0,NaN,390577.66000000003,1091517.67,109773.26,106916.25,106916.25,107440.95,110064.42,109807.22,110492.94,109977.54,110064.42,110064.42,NaN,NaN,33763.0,0,https://www.camara.leg.br/internet/deputado/bandep/pagina_do_deputado/121948.jpg
ADOLFO VIANA DE CASTRO NETO,M,02/02/1981,74,18,0,3,0,2,320378.7,52708.8,40019.47,45679.91,28915.46,51013.39,21158.76,53593.14,17135.9,5153.87,5000.0,0.0,NaN,442601.43,1038693.82,99324.67,102260.18,104117.05,105126.72,105126.72,104072.48,102746.18,105126.72,105126.72,105666.38,NaN,NaN,33763.0,0,https://www.camara.leg.br/internet/deputado/bandep/pagina_do_deputado/204560.jpg
PAULO SERGIO ABOU ANNI,M,06/11/1966,87,3,2,22,1,13,301997.79,27405.24,16072.33,68763.27,67772.79,75533.07,13287.62,13475.02,2147.73,3052.73,13667.56,820.43,NaN,407832.36,1106081.53,110146.28,109221.14,108215.19,111647.46,111647.46,111647.46,111520.66,110906.26,111574.67,109554.95,NaN,NaN,33763.0,0,https://www.camara.leg.br/internet/deputado/bandep/pagina_do_deputado/204521.jpg
ALCEU MOREIRA DA SILVA,M,04/06/1954,79,10,3,25,6,4,333913.36,33409.67,47543.73,66396.79,41576.56,28880.58,28442.87,24547.55,21775.28,18521.58,22474.78,343.97,NaN,449779.88,1099097.84,111429.24,111429.24,111389.34,109930.0,111580.9,111595.06,111376.03,111097.0,104210.91,105060.12,NaN,NaN,33763.0,0,https://www.camara.leg.br/internet/deputado/bandep/pagina_do_deputado/160559.jpg
ANTONIO JOSE AGUIAR ALBUQUERQUE,M,26/09/1983,77,8,7,8,4,8,285631.58,20904.41,48923.15,29493.45,50213.67,61247.64,8046.24,21729.25,18453.95,10715.78,15326.76,577.28,NaN,466969.47000000003,1070478.23,111386.57,111386.57,111386.57,111127.78,111422.99,111217.97,109372.75,91130.31,101450.8,100595.92,NaN,NaN,33763.0,0,https://www.camara.leg.br/internet/deputado/bandep/pagina_do_deputado/204549.jpg
AIRTON LUIZ FALEIRO,M,16/03/1959,80,2,10,39,1,34,310929.21,35394.75,15750.75,52334.7,69448.32,59994.95,30701.91,23743.07,13560.75,10000.01,0.0,0.0,NaN,468741.47000000003,1106094.83,110495.06,109093.86,108711.72,110056.29,111289.65,111289.65,111289.65,111289.65,111289.65,111289.65,NaN,NaN,33763.0,0,https://www.camara.leg.br/internet/deputado/bandep/pagina_do_deputado/204495.jpg
ALESSANDRO LUCCIOLA MOLON,M,28/10/1971,91,0,1,12,0,28,255002.23,31570.48,30384.44,50567.81,42126.95,31402.04,27611.34,29369.28,10660.58,519.41,789.9,0.0,NaN,393359.67000000004,1030438.74,101372.0,101372.0,101372.0,101372.0,106377.09,105013.12,107668.34,104046.06,98184.61,103661.52,NaN,NaN,33763.0,0,https://www.camara.leg.br/internet/deputado/bandep/pagina_do_deputado/160511.jpg
ALEX MARCO SANTANA SOUSA,M,22/06/1972,79,8,5,11,5,10,339373.27,36828.58,39595.76,45254.75,45428.67,30562.91,32839.29,36321.0,33993.98,23336.07,15212.26,0.0,NaN,429163.0,1112649.83,110321.85,111060.2,110244.74,111574.72,111574.72,111574.72,111574.72,111574.72,111574.72,111574.72,NaN,NaN,33763.0,0,https://www.camara.leg.br/internet/deputado/bandep/pagina_do_deputado/204571.jpg
ALCIDES RODRIGUES FILHO,M,08/10/1950,88,0,4,51,0,9,341096.43,8890.42,41162.85,42491.68,43132.46,49169.45,47869.0,38484.01,34961.71,31357.1,2541.76,1035.99,NaN,400485.41,1070565.32,97480.3,101596.46,101596.46,103343.42,109370.27,111049.41,111532.25,111532.25,111532.25,111532.25,NaN,NaN,33763.0,0,https://www.camara.leg.br/internet/deputado/bandep/pagina_do_deputado/204413.jpg
ALEX SPINELLI MANENTE,M,22/08/1979,89,3,0,4,1,4,132011.29,15300.72,26359.99,26151.48,23508.22,16355.44,10874.7,4235.82,9077.31,5.81,141.8,0.0,NaN,407478.82999999996,1112704.43,111198.59,111198.59,111198.59,110898.74,111423.01,111461.43,110601.41,111574.69,111574.69,111574.69,NaN,NaN,33763.0,0,https://www.camara.leg.br/internet/deputado/bandep/pagina_do_deputado/178972.jpg
ALENCAR SANTANA BRAGA,M,14/03/1976,80,12,0,22,1,0,270999.83,34345.52,35493.58,35440.42,38514.9,38770.46,18197.7,26020.76,6807.71,1491.64,35464.05,453.09,NaN,420284.39,1110423.93,111647.56,108748.11,110276.93,111574.82,111574.82,111574.82,111574.82,110900.35,111538.44,111013.26,NaN,NaN,33763.0,0,https://www.camara.leg.br/internet/deputado/bandep/pagina_do_deputado/204501.jpg
ALEXANDRE FROTA DE ANDRADE,M,14/10/1963,57,33,2,7,5,0,382514.62,47863.87,40252.01,44806.14,24966.69,42290.53,37104.55,24453.51,44820.06,21506.06,34451.2,20000.0,NaN,408471.06,1086843.56,107991.6,111429.16,109887.26,108754.73,110016.99,107515.45,106646.5,110875.93,109669.6,104056.34,NaN,NaN,33763.0,0,https://www.camara.leg.br/internet/deputado/bandep/pagina_do_deputado/204544.jpg
ALEXANDRE LEITE DA SILVA,M,18/04/1989,87,5,0,56,0,8,345092.62,36267.67,43626.71,33452.69,51312.23,48150.79,46525.13,23552.93,23766.2,20428.05,18010.22,0.0,NaN,451133.29,947897.17,93571.49,93571.49,93571.49,94428.17,94899.88,94899.88,96331.01,98874.32,93874.72,93874.72,NaN,NaN,33763.0,0,https://www.camara.leg.br/internet/deputado/bandep/pagina_do_deputado/160545.jpg
ALEXANDRE ROCHA SANTOS PADILHA,M,14/09/1971,90,1,1,87,6,26,283230.47,28905.73,34326.01,51157.02,37221.27,45106.22,23223.65,21479.04,9118.1,10932.37,21600.66,160.4,NaN,413570.41,1114786.73,111641.51,111641.51,111641.51,111641.51,111641.51,111641.51,110013.14,111641.51,111641.51,111641.51,NaN,NaN,33763.0,0,https://www.camara.leg.br/internet/deputado/bandep/pagina_do_deputado/204503.jpg
FERNANDO BEZERRA DE SOUZA COELHO FILHO,M,28/02/1984,81,5,6,6,4,39,265195.17,32904.38,26191.67,46599.6,42640.35,22991.65,38141.86,34943.44,7902.03,1389.61,11490.58,0.0,NaN,458444.8,1087816.23,106461.21,106461.21,106461.21,106461.21,107548.75,111277.47,111277.47,110295.4,110786.15,110786.15,NaN,NaN,33763.0,0,https://www.camara.leg.br/internet/deputado/bandep/pagina_do_deputado/141431.jpg
FERNANDO MONTEIRO DE ALBUQUERQUE,M,17/09/1976,87,5,0,17,4,3,301606.39,33166.59,36756.35,50815.63,46090.78,35207.06,35106.58,33522.18,12348.74,7355.49,10553.02,683.97,NaN,465628.24,1095114.7,111665.62,111462.42,111451.57,108833.71,111665.62,111665.62,111665.62,110146.43,102361.66,104196.43,NaN,NaN,33763.0,1,https://www.camara.leg.br/internet/deputado/bandep/pagina_do_deputado/92699.jpg
FERNANDO RODOLFO TENORIO DE VASCONCELOS,M,17/11/1983,83,4,5,17,3,51,295230.86,34398.75,34442.45,46954.27,61790.5,42253.99,30175.92,26376.1,10140.69,7883.19,815.0,0.0,NaN,458444.8,1015741.66,110824.9,108472.48,109833.05,104726.42,110607.73,107797.77,106334.87,77927.2,90812.99,88404.25,NaN,NaN,33763.0,0,https://www.camara.leg.br/internet/deputado/bandep/pagina_do_deputado/204427.jpg
FILIPE BARROS BAPTISTA DE TOLEDO RIBEIRO,M,29/05/1991,82,10,0,13,3,10,280703.15,39534.77,31018.4,49744.0,46765.21,50641.59,43365.67,18271.75,239.65,40.19,487.13,594.79,NaN,438279.48,938905.52,97669.43,98842.46,98853.61,101434.99,105314.69,105934.61,105601.33,88221.2,71613.4,65419.8,NaN,NaN,33763.0,0,https://www.camara.leg.br/internet/deputado/bandep/pagina_do_deputado/204411.jpg
FLAVIANO FLÁVIO BAPTISTA DE MELO,M,17/11/1949,82,10,0,3,0,1,437655.1,34282.68,37155.36,51227.13,29713.9,79405.7,25480.53,38048.4,39592.1,55425.57,27323.73,20000.0,NaN,490957.06,1104480.65,107904.83,107983.89,111367.03,111659.62,111659.62,111659.62,111659.62,110227.3,110179.56,110179.56,NaN,NaN,33763.0,0,https://www.camara.leg.br/internet/deputado/bandep/pagina_do_deputado/141434.jpg
FRANCO CARTAFINA GOMES,M,03/11/1986,86,3,3,44,4,15,317134.14,28065.1,33009.58,43304.17,45119.68,52088.32,34699.31,22247.15,51692.11,4820.12,2088.6,0.0,NaN,397019.81,1112857.76,110962.06,110962.06,110962.06,110962.06,111166.17,111568.67,111568.67,111568.67,111568.67,111568.67,NaN,NaN,33763.0,0,https://www.camara.leg.br/internet/deputado/bandep/pagina_do_deputado/204510.jpg
FLÁVIO RODRIGUES NOGUEIRA,M,27/02/1953,91,1,0,39,0,4,393018.11,38329.27,41835.51,39604.13,37048.37,42494.03,47068.0,42082.62,36727.61,36484.39,31344.18,0.0,NaN,450689.47,1106884.69,110937.69,110937.69,111074.66,110962.76,111467.18,111544.27,111544.27,111544.27,111544.27,105327.63,NaN,NaN,33763.0,0,https://www.camara.leg.br/internet/deputado/bandep/pagina_do_deputado/191923.jpg
FRANCISCO RODRIGUES VALE JUNIOR,M,15/03/1969,87,3,2,25,2,6,309142.86,17093.58,30616.27,50032.21,33547.1,38718.63,30008.06,31405.2,20504.95,10000.71,26688.21,20527.94,NaN,398499.48,1076485.1,110440.58,110440.58,110440.58,110440.58,108630.41,108370.3,101304.39,105472.56,105472.56,105472.56,NaN,NaN,33763.0,0,https://www.camara.leg.br/internet/deputado/bandep/pagina_do_deputado/204392.jpg
ANTONIO RIBEIRO,M,03/03/1944,86,6,0,30,4,14,361093.35,40812.78,41699.11,53527.13,42212.73,53135.08,32573.14,21560.81,17788.85,19494.29,37332.36,957.07,NaN,462358.16,1106146.52,110889.19,110889.19,110889.19,110313.55,109560.78,110047.86,110889.19,110889.19,110889.19,110889.19,NaN,NaN,33763.0,0,https://www.camara.leg.br/internet/deputado/bandep/pagina_do_deputado/204393.jpg
FREDERICO BORGES DA COSTA,M,12/07/1977,83,9,0,14,1,5,284352.33,14730.3,29479.43,41701.41,55095.45,44266.74,24177.23,21336.08,23057.48,15301.98,12687.52,2518.71,NaN,411903.25,1077826.83,110167.89,108567.01,109305.97,109305.97,109563.08,108452.71,101554.25,109006.01,107977.56,103926.38,NaN,NaN,33763.0,0,https://www.camara.leg.br/internet/deputado/bandep/pagina_do_deputado/204494.jpg
GELSON DE AZEVEDO ALMEIDA,M,10/01/1965,88,0,4,17,0,13,268046.24,17208.87,18142.04,73589.54,23955.82,60671.3,21380.73,24088.36,10719.92,15215.86,1858.58,1215.22,NaN,393359.67,1112585.65,111429.1,111429.1,111429.1,111207.7,111523.22,111580.75,111580.75,111580.75,111580.75,109244.43,NaN,NaN,33763.0,0,https://www.camara.leg.br/internet/deputado/bandep/pagina_do_deputado/115746.jpg
FERNANDO LÚCIO GIACOBO,M,17/12/1970,86,1,5,13,1,7,365841.43,27455.42,49074.18,58575.31,7832.83,52242.7,38497.82,8820.58,6333.82,4309.92,62608.85,50090.0,NaN,437061.74,1096371.61,110392.0,111089.37,110699.96,111659.53,111616.68,104856.92,111659.53,110779.99,111160.32,102457.31,NaN,NaN,33763.0,0,https://www.camara.leg.br/internet/deputado/bandep/pagina_do_deputado/74383.jpg
GENECIAS MATEUS NORONHA,M,13/03/1963,58,31,3,0,0,0,177341.36,6912.14,17143.52,33463.86,26327.99,19477.71,14497.11,13104.39,10260.84,26690.86,9462.94,0.0,NaN,466969.47,1012113.82,92989.03,98109.44,100534.9,101430.22,99984.28,106905.63,103040.08,103040.08,103040.08,103040.08,NaN,NaN,33763.0,0,https://www.camara.leg.br/internet/deputado/bandep/pagina_do_deputado/160669.jpg
ELIÉSER GIRÃO MONTEIRO FILHO,M,08/05/1955,85,4,3,47,3,6,353477.47,37148.25,58184.62,39315.76,43316.28,45230.05,37619.01,23969.66,26317.64,11139.62,31236.58,0.0,NaN,478873.14999999997,1114542.85,111550.61,111550.61,111550.61,111550.61,111550.61,110587.36,111550.61,111550.61,111550.61,111550.61,NaN,NaN,33763.0,0,https://www.camara.leg.br/internet/deputado/bandep/pagina_do_deputado/204473.jpg
ROBERTO SEBASTIÃO PETERNELLI JUNIOR,M,06/08/1954,89,0,3,132,0,21,208655.34,17011.69,44800.56,44569.19,22660.96,25933.02,28500.81,13743.54,4753.72,5423.58,1258.27,0.0,NaN,407768.77,730045.66,67824.41,70484.71,70484.71,74499.52,79446.76,86394.48,95109.95,76397.8,54701.66,54701.66,NaN,NaN,33763.0,0,https://www.camara.leg.br/internet/deputado/bandep/pagina_do_deputado/204484.jpg
GERVÁSIO AGRIPINO MAIA,M,14/04/1975,81,5,6,36,5,14,266572.24,23330.03,37075.33,36581.92,43748.87,45588.36,26193.97,18498.45,14012.0,10194.19,11028.08,321.04,NaN,472370.66000000003,1105894.42,111615.5,110598.88,110561.62,110298.77,109955.04,109955.04,110552.62,111283.45,110263.58,110809.92,NaN,NaN,33763.0,0,https://www.camara.leg.br/internet/deputado/bandep/pagina_do_deputado/204394.jpg
EUGENIO JOSÉ ZULIANI,M,13/01/1976,51,17,24,9,17,37,280888.94,35715.9,40468.18,42837.22,40713.17,63995.25,18553.55,16151.75,15973.11,2755.29,3475.52,250.0,NaN,407478.83,1080042.52,111641.38,111641.38,111641.38,106897.3,106370.18,106370.18,106370.18,106370.18,106370.18,106370.18,NaN,NaN,33763.0,0,https://www.camara.leg.br/internet/deputado/bandep/pagina_do_deputado/204527.jpg
GILLIANO FRED NASCIMENTO CUTRIM,M,26/10/1979,76,5,11,22,4,27,399839.52,46898.79,47176.96,48122.54,51226.09,58582.87,18377.58,25986.45,21934.68,12000.22,69533.34,0.0,NaN,467727.71,1115308.02,111301.75,111301.75,111619.5,111641.41,111641.41,111641.41,111641.41,111641.41,111641.41,111236.56,NaN,NaN,33763.0,0,https://www.camara.leg.br/internet/deputado/bandep/pagina_do_deputado/204575.jpg
GILBERTO APARECIDO ABRAMO,M,06/08/1966,85,2,5,19,1,6,216901.65,18146.52,22003.33,27404.71,34209.75,32718.06,23558.03,15039.8,18280.76,12603.88,12846.34,90.47,NaN,397019.81,1077796.52,106564.34,106564.34,107092.65,108384.08,108384.08,108384.08,107270.71,108384.08,108384.08,108384.08,NaN,NaN,33763.0,0,https://www.camara.leg.br/internet/deputado/bandep/pagina_do_deputado/204491.jpg
GILBERTO NASCIMENTO SILVA,M,09/07/1956,65,27,0,29,3,9,400488.83,42667.83,49626.23,52149.16,48827.83,41954.56,33307.84,45287.25,30344.91,25638.8,24688.09,5996.33,NaN,463310.65,1077002.9,110917.37,111198.75,111198.75,111198.75,106097.59,109244.31,100666.68,106570.48,106570.48,103339.74,NaN,NaN,33763.0,0,https://www.camara.leg.br/internet/deputado/bandep/pagina_do_deputado/74270.jpg
GILSON MARQUES VIEIRA,M,12/04/1981,88,4,0,40,5,5,50883.26,3483.84,5736.09,5095.21,6494.69,11767.82,7335.78,6816.37,1383.89,3.11,2766.46,0.0,NaN,438655.58,798657.16,78079.2,78079.2,78079.2,79784.92,80772.44,80772.44,80772.44,80772.44,80772.44,80772.44,NaN,NaN,33763.0,0,https://www.camara.leg.br/internet/deputado/bandep/pagina_do_deputado/204365.jpg
EMIDIO ALVES MADEIRA JUNIOR,M,10/03/1967,80,12,0,16,4,2,299796.22,56761.57,45061.77,39330.09,32196.96,44434.07,26760.94,20847.93,15245.77,11938.26,7218.86,0.0,NaN,406360.14999999997,1114845.39,110980.22,110980.22,111528.12,111617.15,111623.22,111623.22,111623.28,111623.32,111623.32,111623.32,NaN,NaN,33763.0,0,https://www.camara.leg.br/internet/deputado/bandep/pagina_do_deputado/161550.jpg
GIOVANI CHERINI,M,23/06/1960,86,3,3,40,3,13,410677.95,35135.42,42357.46,49953.41,49975.7,53766.31,54876.19,39994.44,42715.35,21423.42,20273.16,207.09,NaN,464518.34,1114323.38,111574.7,111574.7,111574.7,111574.7,111574.7,110520.47,111205.28,111574.71,111574.71,111574.71,NaN,NaN,33763.0,0,https://www.camara.leg.br/internet/deputado/bandep/pagina_do_deputado/160673.jpg
GIOVANI BATISTA FELTES,M,10/04/1957,91,0,1,18,0,4,292295.12,32091.85,37369.29,35989.03,63623.79,29111.39,20875.74,31955.95,26391.45,5880.69,7923.74,1082.2,NaN,449634.9,1095245.29,111083.28,111101.04,111544.86,109378.77,108521.73,109627.69,107747.07,108089.89,109075.48,109075.48,NaN,NaN,33763.0,0,https://www.camara.leg.br/internet/deputado/bandep/pagina_do_deputado/178996.jpg
EMANUEL PINHEIRO DA SILVA PRIMO,M,05/01/1995,70,3,19,11,1,7,256826.54,18918.9,40897.04,43529.5,29158.03,34158.66,52895.35,15688.43,14630.6,825.9,5915.0,209.13,NaN,438563.27,1067534.67,108820.92,109941.35,111435.25,111435.25,110245.56,109803.54,108192.76,97773.24,100583.45,99303.35,NaN,NaN,33763.0,0,https://www.camara.leg.br/internet/deputado/bandep/pagina_do_deputado/198783.jpg
ENIO JOSÉ VERRI,M,27/03/1961,89,2,1,32,0,4,341401.56,38190.58,37467.64,68879.63,38986.43,43960.07,29704.02,25886.97,22258.37,24764.98,11302.87,0.0,NaN,427590.45999999996,1111367.61,111398.83,111398.83,111398.83,110220.44,110749.59,110538.29,111455.18,110876.18,111665.72,111665.72,NaN,NaN,33763.0,0,https://www.camara.leg.br/internet/deputado/bandep/pagina_do_deputado/132504.jpg
ENRICO VAN BLARCUM DE GRAAFF MISASI,M,06/08/1994,87,0,5,43,0,21,311478.65,24947.21,27020.22,42425.59,43740.7,54222.55,37817.19,41206.87,22642.88,16871.36,525.61,58.47,NaN,422362.27,1106991.7,111586.88,111302.18,110816.09,106788.8,110974.2,110159.38,111013.37,111312.77,111544.46,111493.57,NaN,NaN,33763.0,0,https://www.camara.leg.br/internet/deputado/bandep/pagina_do_deputado/204537.jpg
EROS FERREIRA BIONDINI,M,20/05/1971,88,4,0,33,1,14,271429.43,20515.33,28975.49,33405.69,31526.03,36712.77,29487.2,35290.07,20709.2,17963.5,15160.88,1683.27,NaN,397068.14,836020.4,90223.04,90223.04,86035.27,78682.22,79786.71,78922.44,78922.44,79682.04,86771.6,86771.6,NaN,NaN,33763.0,0,https://www.camara.leg.br/internet/deputado/bandep/pagina_do_deputado/160640.jpg
EUCLYDES MARCOS PETTERSEN NETO,M,15/08/1984,77,14,1,6,6,13,229414.98,39458.55,32301.23,28593.33,36303.64,35945.83,21880.35,11556.55,10510.19,6865.31,6000.0,0.0,NaN,400402.41000000003,1102008.88,101942.13,110241.46,111623.19,111623.22,111623.22,110951.73,109856.3,110901.19,111623.22,111623.22,NaN,NaN,33763.0,1,https://www.camara.leg.br/internet/deputado/bandep/pagina_do_deputado/204482.jpg
EVAIR VIEIRA DE MELO,M,02/04/1972,87,3,2,67,1,4,300798.15,38264.38,44663.8,61029.26,38441.09,43315.06,24394.91,23069.95,14844.44,2401.35,10257.65,116.26,NaN,421585.23000000004,1096962.77,106904.01,110527.26,107201.84,107178.21,108042.26,111172.72,111328.33,111555.88,111526.13,111526.13,NaN,NaN,33763.0,0,https://www.camara.leg.br/internet/deputado/bandep/pagina_do_deputado/178871.jpg
EXPEDITO GONCALVES FERREIRA NETTO,M,05/10/1988,82,9,1,2,3,16,209770.94,14767.54,30093.83,31810.97,30510.09,25416.15,18925.02,27570.19,12641.28,1388.85,15991.39,655.63,NaN,480397.39,1099381.29,111544.33,111544.33,111544.33,111529.16,111539.45,111100.52,109785.83,109894.82,110132.19,100766.33,NaN,NaN,33763.0,0,https://www.camara.leg.br/internet/deputado/bandep/pagina_do_deputado/178953.jpg
FABIO HENRIQUE SANTANA DE CARVALHO,M,19/06/1972,90,0,2,75,0,22,368974.61,40955.79,38278.23,46688.34,53420.14,51837.95,35534.63,55589.55,24846.87,10956.64,10828.96,37.51,NaN,441531.86,1103960.07,110763.22,111436.47,110870.47,105066.49,109456.57,110377.32,111465.54,111465.54,111465.54,111592.91,NaN,NaN,33763.0,0,https://www.camara.leg.br/internet/deputado/bandep/pagina_do_deputado/68720.jpg
FABIO CRUZ MITIDIERI,M,24/02/1977,54,10,8,17,8,19,227041.28,35258.61,43620.72,33042.39,44648.72,45112.33,24812.68,545.83,NaN,NaN,NaN,0.0,NaN,287415.06,1085769.32,109876.31,106389.76,109876.31,109876.31,109876.31,107693.02,97566.52,111538.26,111538.26,111538.26,NaN,NaN,33763.0,0,https://www.camara.leg.br/internet/deputado/bandep/pagina_do_deputado/178969.jpg
FABIO DE ALMEIDA REIS,M,15/04/1977,80,4,8,35,0,1,310772.93,39865.8,33581.68,32144.11,43493.01,38648.54,34772.71,32086.43,21185.4,13796.32,20587.04,611.89,NaN,441531.86,1107209.05,108307.92,109336.37,109408.57,111574.66,111574.66,111574.66,111574.66,111574.66,111574.66,110708.23,NaN,NaN,33763.0,0,https://www.camara.leg.br/internet/deputado/bandep/pagina_do_deputado/171623.jpg
FÁBIO LUIZ SCHIOCHET FILHO,M,31/05/1988,85,3,4,20,2,5,366383.87,37195.31,40305.37,42043.11,46815.31,43700.43,50167.04,38185.13,25939.12,21593.26,17300.62,3139.17,NaN,448307.27,1114119.12,111568.63,111568.63,111568.63,111568.63,111568.63,111544.55,111526.14,111107.56,111107.56,110990.16,NaN,NaN,33763.0,0,https://www.camara.leg.br/internet/deputado/bandep/pagina_do_deputado/204368.jpg
FÁBIO AUGUSTO RAMALHO DOS SANTOS,M,22/12/1961,88,0,4,19,0,17,279623.33,37959.25,45891.8,34431.36,27698.63,36101.94,23280.97,25058.29,19706.66,16954.06,11293.22,1247.15,NaN,405443.58,1073082.8,106849.52,105995.76,104102.48,110337.36,103699.99,104762.87,104762.87,110775.07,111665.77,110131.11,NaN,NaN,33763.0,0,https://www.camara.leg.br/internet/deputado/bandep/pagina_do_deputado/141427.jpg
FÁBIO RICARDO TRAD,M,18/08/1969,90,1,1,88,0,3,150697.71,9479.45,21339.35,11214.78,41034.1,25209.13,12053.32,5465.7,14089.48,2400.9,8411.5,0.0,NaN,453412.95999999996,1112229.14,111501.88,111501.88,111501.88,111324.76,111501.88,111501.88,111501.88,111501.88,110217.75,110173.47,NaN,NaN,33763.0,0,https://www.camara.leg.br/internet/deputado/bandep/pagina_do_deputado/160587.jpg
FAUSTO RUY PINATO,M,01/06/1977,77,12,3,43,11,11,319737.01,23272.69,28054.73,37320.63,39811.88,63069.18,29443.84,35430.36,32548.24,26577.3,4208.16,0.0,NaN,407478.83,980822.68,91753.84,90661.58,91078.38,93641.4,98083.43,98203.3,101733.13,105365.38,105151.12,105151.12,NaN,NaN,33763.0,0,https://www.camara.leg.br/internet/deputado/bandep/pagina_do_deputado/66828.jpg
FELÍCIO LATERÇA DE ALMEIDA,M,26/05/1967,84,7,1,103,6,6,343719.83,33761.68,41861.86,62060.32,40359.41,38642.49,19555.55,32436.61,22935.73,20966.82,30530.69,608.67,NaN,401521.56,1070004.37,103822.74,108245.62,111562.78,109721.17,92281.25,106166.2,108227.55,109988.01,108902.3,111086.75,NaN,NaN,33763.0,0,https://www.camara.leg.br/internet/deputado/bandep/pagina_do_deputado/204477.jpg
HUMBERTO REZENDE PEREIRA,M,14/11/1977,87,2,3,29,3,42,317620.57,31302.38,37733.45,46071.17,46424.41,43050.57,37786.28,29839.31,16128.37,5877.55,23407.08,0.0,NaN,445971.24,1114088.41,111514.04,111586.8,110868.87,111514.0,111457.65,111586.78,110672.43,111629.28,111629.28,111629.28,NaN,NaN,33763.0,0,https://www.camara.leg.br/internet/deputado/bandep/pagina_do_deputado/204358.jpg
JOSÉ ROBERTO OLIVEIRA FARO,M,20/06/1969,82,0,10,5,0,17,343680.4,50640.64,51528.8,51595.33,38245.47,56264.93,15343.49,16815.59,14152.72,12879.36,8054.07,28160.0,NaN,464501.95,1107132.6,111210.84,110666.21,109899.05,111210.84,111210.84,110568.67,110434.02,111210.84,111210.84,109510.45,NaN,NaN,33763.0,0,https://www.camara.leg.br/internet/deputado/bandep/pagina_do_deputado/141335.jpg
FELIPE AUGUSTO LYRA CARRERAS,M,16/04/1975,77,4,11,70,1,41,169230.68,14274.35,20364.98,19915.93,14515.87,21740.82,16037.4,21745.42,29974.45,4715.52,5945.94,0.0,NaN,463942.79,1110530.22,108137.52,111659.58,111659.58,111659.58,111659.58,111571.02,109331.88,111617.16,111617.16,111617.16,NaN,NaN,33763.0,0,https://www.camara.leg.br/internet/deputado/bandep/pagina_do_deputado/72442.jpg
LUIS FELIPE BONATTO FRANCISCHINI,M,02/10/1991,86,2,4,26,1,39,285261.63,36420.46,40851.46,28714.76,44628.8,52025.43,41969.22,15569.99,12110.34,3248.13,9523.04,200.0,NaN,427590.45999999996,1107177.89,111598.86,111598.86,111598.86,111598.86,111598.86,111598.86,111598.86,110754.73,107237.53,107993.61,NaN,NaN,33763.0,0,https://www.camara.leg.br/internet/deputado/bandep/pagina_do_deputado/204398.jpg
FELIX DE ALMEIDA MENDONÇA JÚNIOR,M,29/11/1963,86,6,0,30,8,16,317051.45,30256.2,36235.51,35264.16,42584.56,50388.49,23719.29,43121.12,20178.34,14497.37,19187.2,1619.21,NaN,429119.35,1093456.69,111574.69,111574.69,111574.69,111574.69,111574.69,99983.33,107556.02,108772.32,109170.84,110100.73,NaN,NaN,33763.0,0,https://www.camara.leg.br/internet/deputado/bandep/pagina_do_deputado/160666.jpg
FELIPE RIGONI LOPES,M,13/06/1991,86,6,0,84,7,32,303109.17,41526.2,36360.96,37743.41,40781.58,54439.33,34092.96,18297.1,23638.57,8762.92,7466.14,0.0,NaN,411663.01,961510.1,97934.05,100493.35,100959.56,100959.56,104522.55,89598.5,80482.02,93565.41,93565.41,99429.69,NaN,NaN,33763.0,0,https://www.camara.leg.br/internet/deputado/bandep/pagina_do_deputado/204371.jpg
LUIZ BENES LEOCADIO DE ARAUJO,M,22/04/1966,88,3,1,35,2,6,343519.32,32697.33,37181.8,51640.86,47232.83,43851.34,39594.2,33482.93,21709.18,17997.68,17741.17,390.0,NaN,471157.6,1070001.74,110203.77,110203.77,106658.99,104203.11,106527.95,105841.47,105921.33,105964.18,107249.74,107227.43,NaN,NaN,33763.0,0,https://www.camara.leg.br/internet/deputado/bandep/pagina_do_deputado/109429.jpg
CARLOS ALBERTO DE SOUSA ROSADO SEGUNDO,M,01/02/1982,77,13,2,18,9,7,411553.49,37157.27,49871.28,47518.82,51520.3,44584.4,32245.6,35040.79,36239.48,25857.6,51517.95,0.0,NaN,470051.89,1114457.24,111436.53,111580.74,111495.03,111145.61,111498.95,111507.99,111507.99,111485.68,111392.71,111406.01,NaN,NaN,33763.0,0,https://www.camara.leg.br/internet/deputado/bandep/pagina_do_deputado/178948.jpg
UBIRAJARA DO PINDARÉ ALMEIDA SOUSA,M,01/11/1968,82,10,0,21,10,26,387691.0,20679.85,23825.08,34402.73,76284.21,96746.0,27251.8,28044.88,18372.93,31746.67,30336.85,0.0,NaN,478552.03,1115746.5,111574.65,111574.65,111574.65,111574.65,111574.65,111574.65,111574.65,111574.65,111574.65,111574.65,NaN,NaN,33763.0,0,https://www.camara.leg.br/internet/deputado/bandep/pagina_do_deputado/204561.jpg
OLAVO BILAC PINTO NETO,M,08/06/1963,80,5,7,54,3,7,366957.28,38107.55,39391.23,36766.95,36370.18,36320.33,35989.93,35978.06,36058.35,36004.29,35970.41,0.0,NaN,397019.81000000006,1114014.41,111532.26,111532.26,111532.26,111532.26,111532.26,110224.07,111532.26,111532.26,111532.26,111532.26,NaN,NaN,33763.0,0,https://www.camara.leg.br/internet/deputado/bandep/pagina_do_deputado/141513.jpg
JOÃO BOSCO GOMES SARAIVA,M,10/10/1959,71,3,18,16,1,9,439146.04,36572.34,70842.66,44263.27,65965.82,34723.62,32000.51,62345.58,33068.34,15213.66,42105.16,2045.08,NaN,479271.31999999995,1112738.23,111611.12,111611.12,109394.55,111611.12,111611.12,111393.56,111146.01,111574.73,111574.73,111210.17,NaN,NaN,33763.0,0,https://www.camara.leg.br/internet/deputado/bandep/pagina_do_deputado/204551.jpg
NICOLINO BOZZELLA JUNIOR,M,17/08/1980,83,8,1,42,5,9,311100.79,29348.65,39636.09,43735.1,36718.08,40304.87,30143.9,40029.84,26482.22,12562.37,11174.19,965.48,NaN,407768.76999999996,1108661.55,111623.09,111642.57,107512.59,110707.93,111134.28,111357.59,110509.9,111392.57,111392.57,111388.46,NaN,NaN,33763.0,0,https://www.camara.leg.br/internet/deputado/bandep/pagina_do_deputado/204502.jpg
ALCIBIO MESQUITA BIBO NUNES,M,09/01/1957,90,1,1,33,0,23,439324.04,36377.5,114136.35,111815.04,46216.96,43243.88,31393.94,31363.41,20069.13,4504.01,203.82,0.0,NaN,464281.39999999997,978080.61,107838.27,106661.35,107626.01,107100.08,108678.71,110863.76,102938.79,80792.43,71989.13,73592.08,NaN,NaN,33763.0,0,https://www.camara.leg.br/internet/deputado/bandep/pagina_do_deputado/204388.jpg
ELVINO JOSÉ BOHN GASS,M,05/02/1962,90,2,0,24,0,15,355737.8,30693.35,43618.49,51772.61,63215.02,45029.72,40093.42,35113.72,22679.14,12788.68,10733.65,0.0,NaN,460687.94999999995,1113456.25,111641.36,111557.99,111508.13,111641.38,111641.38,110811.4,111604.98,111604.98,111604.98,109839.67,NaN,NaN,33763.0,0,https://www.camara.leg.br/internet/deputado/bandep/pagina_do_deputado/160538.jpg
JOÃO BOSCO DA COSTA,M,28/09/1950,88,2,2,37,0,9,377536.38,31663.79,50001.03,50347.54,42678.14,42852.09,50270.89,42871.55,39751.16,27086.09,14.1,0.0,NaN,456415.3,1096871.16,109107.22,111544.51,111544.51,111544.51,111544.51,111544.51,111544.51,106200.33,104641.61,107654.94,NaN,NaN,33763.0,0,https://www.camara.leg.br/internet/deputado/bandep/pagina_do_deputado/74052.jpg
CARLOS FELIPE VAZQUEZ DE SOUZA LEÃO,M,03/11/1979,71,5,16,12,3,14,366087.19,30097.59,41252.22,49713.11,49721.69,45749.21,41212.41,38074.0,37034.37,15502.42,17509.15,221.02,NaN,429958.97,1084232.34,107850.28,108483.94,109030.38,109215.09,109215.09,107121.98,105670.31,109215.09,109215.09,109215.09,NaN,NaN,33763.0,0,https://www.camara.leg.br/internet/deputado/bandep/pagina_do_deputado/93083.jpg
CARLOS CAMILO GÓES CAPIBERIBE,M,23/05/1972,89,3,0,67,5,20,337744.18,57270.81,54545.96,40139.58,50674.76,29912.43,32899.67,36174.05,9998.8,8076.55,18051.57,0.0,NaN,485872.25,1098429.16,111508.06,111508.06,111508.06,111508.06,110034.25,109670.3,105908.91,110137.58,107941.38,108704.5,NaN,NaN,33763.0,0,https://www.camara.leg.br/internet/deputado/bandep/pagina_do_deputado/204352.jpg
ALBERTO BARROS CAVALCANTE NETO,M,05/05/1982,88,2,2,66,1,3,240537.12,10761.97,32144.12,50784.42,59974.73,36167.69,18635.29,18846.91,9376.93,3645.06,0.0,200.0,NaN,479969.66000000003,1108460.75,111524.06,108183.95,109814.87,109505.49,111520.15,111370.71,111635.38,111635.38,111635.38,111635.38,NaN,NaN,33763.0,0,https://www.camara.leg.br/internet/deputado/bandep/pagina_do_deputado/204572.jpg
JOSE AUGUSTO ROSA,M,04/10/1966,85,3,4,29,2,39,292492.25,32590.99,30742.36,42982.94,38181.18,46093.18,19473.47,21678.43,15614.72,14321.17,30241.63,572.18,NaN,422362.27,1109989.13,111659.59,110586.8,107796.83,111659.59,111659.59,111659.59,110759.7,110888.26,111659.59,111659.59,NaN,NaN,33763.0,0,https://www.camara.leg.br/internet/deputado/bandep/pagina_do_deputado/178829.jpg
GUILHERME MURARO DERRITE,M,10/10/1984,90,0,2,21,0,0,311577.86,33369.05,45785.15,42375.69,37535.61,31336.58,34084.37,31084.94,27610.7,13235.82,15159.95,0.0,NaN,407478.82999999996,1087142.69,111429.18,111429.18,111078.93,111198.68,111198.68,111198.68,104902.34,104902.34,104902.34,104902.34,NaN,NaN,33763.0,0,https://www.camara.leg.br/internet/deputado/bandep/pagina_do_deputado/204531.jpg
FABIO ABREU COSTA,M,31/12/1972,90,1,1,56,0,9,411416.89,27176.43,43044.36,37886.06,54828.28,65451.97,38676.13,33219.21,38283.53,44917.64,27807.28,126.0,NaN,454312.13,1112307.7,111501.54,111425.25,109950.47,110995.45,111125.87,111505.0,111580.82,111580.83,111580.83,111061.64,NaN,NaN,33763.0,0,https://www.camara.leg.br/internet/deputado/bandep/pagina_do_deputado/178924.jpg
WAGNER SOUSA GOMES,M,21/01/1979,31,0,2,0,0,1,141934.34,55521.07,32236.66,11029.18,NaN,NaN,NaN,12950.64,18376.97,6416.85,4739.03,663.94,NaN,297162.39,1112741.02,110473.5,110107.68,111586.87,111652.64,111665.79,110952.4,111665.74,111665.74,111665.74,111304.92,NaN,NaN,33763.0,0,https://www.camara.leg.br/internet/deputado/bandep/pagina_do_deputado/204487.jpg
CARLOS GOMES BEZERRA,M,04/11/1941,29,0,0,0,0,0,75129.1,17099.28,53701.17,0.0,NaN,NaN,NaN,2047.03,848.36,647.0,738.75,47.51,NaN,259461.87,1115384.57,111611.13,111611.13,111611.13,111611.13,111611.13,111611.13,110884.4,111611.13,111611.13,111611.13,NaN,NaN,33763.0,0,https://www.camara.leg.br/internet/deputado/bandep/pagina_do_deputado/141401.jpg
CARLOS ALBERTO CHIODINI,M,08/03/1982,85,4,3,25,6,8,257915.07,21142.87,33080.35,34458.92,35659.6,28696.29,31410.11,38827.88,16920.33,11149.03,6369.69,200.0,NaN,444155.03,1088228.66,110052.14,109597.2,107219.44,108994.73,109943.02,110230.95,107098.15,107098.15,107098.15,110896.73,NaN,NaN,33763.0,2,https://www.camara.leg.br/internet/deputado/bandep/pagina_do_deputado/204361.jpg
ANTONIO CARLOS GOMES DA SILVA,M,13/06/1972,92,0,0,21,2,4,265831.58,18748.87,25578.63,34691.71,31224.22,55517.35,34811.05,23121.54,21226.21,8304.56,11675.18,932.26,NaN,454866.65,1012698.46,92948.89,99271.45,96032.28,98637.08,102490.61,102621.52,102621.52,104715.99,106679.56,106679.56,NaN,NaN,33763.0,0,https://www.camara.leg.br/internet/deputado/bandep/pagina_do_deputado/178962.jpg
CARLOS HENRIQUE AMORIM,M,21/04/1961,79,1,12,33,1,24,364991.1,38480.4,54727.25,51686.19,49827.56,38169.71,34594.12,36583.75,31857.0,13639.42,14885.73,539.97,NaN,446704.18999999994,1014767.71,107089.41,100838.78,96663.69,98112.79,100925.82,94627.79,96910.28,103302.09,107870.51,108426.55,NaN,NaN,33763.0,0,https://www.camara.leg.br/internet/deputado/bandep/pagina_do_deputado/178993.jpg
Carlos Roberto Coelho de Mattos Júnior,M,08/02/1982,84,3,5,10,0,0,192568.32,17012.14,20943.23,27544.0,16413.28,29052.38,31940.35,20649.2,10845.1,8605.79,8978.05,584.8,NaN,395820.91000000003,1079427.92,107840.49,111522.26,105827.62,98809.78,110447.03,111102.14,104135.41,108845.03,110375.04,110523.12,NaN,NaN,33763.0,0,https://www.camara.leg.br/internet/deputado/bandep/pagina_do_deputado/204460.jpg
ALTINEU CÔRTES FREITAS COUTINHO,M,13/09/1968,70,22,0,0,0,0,168317.68,22950.23,23219.48,33714.07,29471.47,28820.9,22012.04,2946.96,3780.62,1343.75,0.0,58.16,NaN,406213.55,1085480.54,101858.85,106309.6,106309.6,108949.45,109609.41,109433.7,108595.22,111471.57,111471.57,111471.57,NaN,NaN,33763.0,0,https://www.camara.leg.br/internet/deputado/bandep/pagina_do_deputado/178937.jpg
CARLOS HENRIQUE FOCESI SAMPAIO,M,31/03/1963,87,1,4,14,0,5,314513.0,25615.74,54934.33,51456.2,45438.4,42806.53,22600.9,21181.85,14951.58,15364.01,20163.46,0.0,NaN,407740.71,1059385.24,103852.96,107767.17,108820.89,108820.89,108689.99,104762.85,103243.66,104762.85,104762.85,103901.13,NaN,NaN,33763.0,0,https://www.camara.leg.br/internet/deputado/bandep/pagina_do_deputado/74262.jpg
Alexis Joseph Steverlynck Fonteyne,M,19/08/1967,87,0,5,69,0,10,173097.56,15079.3,25352.66,21515.84,17575.86,19090.52,15633.19,14939.48,14874.72,14285.99,14750.0,0.0,NaN,407478.82999999996,588885.13,61420.54,57990.13,52202.06,51959.82,52576.18,60029.82,67419.11,64529.03,60379.22,60379.22,NaN,NaN,33763.0,0,https://www.camara.leg.br/internet/deputado/bandep/pagina_do_deputado/204516.jpg
ALIEL MACHADO BARK,M,26/02/1989,87,4,1,24,4,18,342722.21,22858.25,39946.86,59163.45,38533.06,76089.49,24295.38,28273.9,23005.48,12282.83,17143.63,1129.88,NaN,437501.12,1081191.02,104192.43,107598.59,109833.85,109833.85,109833.85,109833.85,109833.85,107741.73,105688.07,106800.95,NaN,NaN,33763.0,1,https://www.camara.leg.br/internet/deputado/bandep/pagina_do_deputado/178927.jpg
ANDRÉ CARLOS ALVES DE PAULA FILHO,M,22/07/1961,76,16,0,0,0,0,340822.48,34262.23,35056.09,41491.46,36132.62,46281.81,38561.19,41546.24,23271.3,16356.59,27862.95,0.0,NaN,458444.8,1107604.68,109116.87,111004.52,111278.47,111611.12,110204.24,109741.82,111647.49,111424.82,111426.29,110149.04,NaN,NaN,33763.0,0,https://www.camara.leg.br/internet/deputado/bandep/pagina_do_deputado/74471.jpg
ALUISIO GUIMARAES MENDES FILHO,M,11/11/1961,89,1,2,72,0,22,299865.7,25340.8,36588.93,41060.22,31580.5,47983.46,29134.59,32169.0,33370.12,18433.71,4204.37,0.0,NaN,474333.84,1054299.62,100867.02,99710.02,103375.35,105273.59,107753.29,105155.9,106424.88,107753.29,108904.58,109081.7,NaN,NaN,33763.0,0,https://www.camara.leg.br/internet/deputado/bandep/pagina_do_deputado/178881.jpg
AMARO ROCHA NASCIMENTO NETO,M,04/12/1976,92,0,0,20,0,7,265774.24,42292.73,23497.16,34426.77,47806.82,44977.07,20179.17,24764.49,7547.57,18792.57,1283.24,206.65,NaN,411663.01,1112084.94,111222.9,111222.9,111222.9,111222.9,111222.9,110933.36,111259.27,111259.27,111259.27,111259.27,NaN,NaN,33763.0,0,https://www.camara.leg.br/internet/deputado/bandep/pagina_do_deputado/204356.jpg
ANDRE DOS SANTOS ABDON,M,10/11/1970,90,0,2,5,0,40,399126.66,39635.39,56554.49,50324.98,62832.08,41453.8,28539.51,28094.2,30183.38,21202.11,35783.42,4523.3,NaN,477122.57999999996,1110523.74,111623.17,111623.17,110842.44,110847.15,110559.33,111023.24,110484.74,111194.25,111641.56,110684.69,NaN,NaN,33763.0,0,https://www.camara.leg.br/internet/deputado/bandep/pagina_do_deputado/178831.jpg
ANDRÉ PEIXOTO FIGUEIREDO LIMA,M,10/11/1966,87,5,0,72,9,23,392555.8,34462.62,48224.65,72127.49,49023.71,44041.52,37230.57,31041.15,43503.48,14392.69,18507.92,0.0,NaN,466969.47,1100603.8,111397.3,109731.85,111580.84,111580.84,106864.96,109042.51,109730.58,109931.92,110707.37,110035.63,NaN,NaN,33763.0,0,https://www.camara.leg.br/internet/deputado/bandep/pagina_do_deputado/133439.jpg
ANDRE LUIZ CARVALHO RIBEIRO,M,27/08/1989,63,29,0,2,1,8,287130.16,24003.48,26127.61,39048.96,35638.26,42647.02,37783.22,29531.6,32503.83,19437.13,409.05,0.0,NaN,472052.02999999997,1108487.53,111010.61,111270.57,111617.19,111617.19,111617.19,110019.66,106829.3,111501.94,111501.94,111501.94,NaN,NaN,33763.0,0,https://www.camara.leg.br/internet/deputado/bandep/pagina_do_deputado/178882.jpg
ANDRE LUIS GASPAR JANONES,M,05/05/1984,87,1,4,50,1,12,300186.28,22256.52,30867.91,30909.27,30603.82,51016.32,28645.22,24293.97,28516.35,25058.33,26141.08,1877.49,NaN,411903.25,1113576.56,111562.47,109429.47,111562.47,111562.47,111562.47,111562.47,111562.47,111562.47,111574.59,111635.21,NaN,NaN,33763.0,0,https://www.camara.leg.br/internet/deputado/bandep/pagina_do_deputado/204515.jpg
ANDRÉ FERREIRA RODRIGUES,M,10/12/1972,71,14,7,2,0,0,390096.36,45126.24,53733.48,58912.22,30040.51,48678.14,39121.05,35898.03,34422.07,27181.46,11714.58,5268.58,NaN,460888.98,1115031.78,111547.27,111623.19,111492.29,110929.67,111623.22,111623.22,111623.22,111323.26,111623.22,111623.22,NaN,NaN,33763.0,0,https://www.camara.leg.br/internet/deputado/bandep/pagina_do_deputado/204423.jpg
ANTONIO LUIZ PARANHOS RIBEIRO LEITE DE BRITO,M,17/01/1969,92,0,0,9,0,22,362052.15,38429.43,62878.28,57315.01,50615.34,39459.44,46092.84,38070.01,25431.95,1872.37,1887.48,0.0,NaN,429119.35000000003,1112297.24,111574.71,111574.71,111574.71,111574.71,111574.71,111574.71,109488.06,111048.56,111156.18,111156.18,NaN,NaN,33763.0,0,https://www.camara.leg.br/internet/deputado/bandep/pagina_do_deputado/160553.jpg
ARLINDO CHIGNALIA JUNIOR,M,24/12/1949,86,6,0,17,2,4,245857.25,19052.73,30374.76,36361.36,25872.86,41568.9,29151.95,23823.6,23079.38,10039.24,6532.47,0.0,NaN,412163.52,1106682.95,109865.31,106598.33,111574.67,110818.25,111423.01,111423.01,111441.4,111141.83,111198.57,111198.57,NaN,NaN,33763.0,1,https://www.camara.leg.br/internet/deputado/bandep/pagina_do_deputado/73433.jpg
ARNALDO CALIL PEREIRA JARDIM,M,08/05/1955,85,6,1,15,10,14,328834.04,37823.57,38275.84,51482.16,49828.38,44393.29,33383.18,26614.91,20321.4,23947.5,2558.33,205.48,NaN,407478.82999999996,1103931.04,104913.63,107636.03,110655.63,111532.25,111532.25,111532.25,111532.25,111532.25,111532.25,111532.25,NaN,NaN,33763.0,1,https://www.camara.leg.br/internet/deputado/bandep/pagina_do_deputado/141391.jpg
JOSE AROLDO SOUZA MARTINS,M,03/07/1961,82,7,3,11,3,9,298716.92,31512.26,37662.65,36689.17,28982.93,39208.71,34863.74,19929.95,17257.74,26924.82,25684.95,0.0,NaN,427590.45999999996,1108830.41,111647.5,111647.5,110268.42,111611.13,111611.13,110803.16,107763.81,110182.72,111647.52,111647.52,NaN,NaN,33763.0,0,https://www.camara.leg.br/internet/deputado/bandep/pagina_do_deputado/204414.jpg
ARTHUR CÉSAR PEREIRA DE LIRA,M,25/06/1969,74,18,0,0,0,0,176874.01,16589.4,24456.7,24580.67,25462.74,25368.31,17145.09,10852.76,12044.58,18813.51,1271.15,289.1,NaN,450385.10000000003,1114717.2,111471.72,111471.72,111471.72,111471.72,111471.72,111471.72,111471.72,111471.72,111471.72,111471.72,NaN,NaN,33763.0,0,https://www.camara.leg.br/internet/deputado/bandep/pagina_do_deputado/160541.jpg
ARTHUR DE OLIVEIRA MAIA DA SILVA,M,17/08/1964,76,6,10,28,3,4,374324.8,35308.01,40284.32,38045.65,42004.01,39008.65,42234.93,39329.37,39706.79,28272.13,24268.9,5862.04,NaN,429409.29,1068263.22,104391.37,106164.17,109590.3,109514.2,110873.08,108274.74,108274.74,106502.35,102202.45,102475.82,NaN,NaN,33763.0,0,https://www.camara.leg.br/internet/deputado/bandep/pagina_do_deputado/160600.jpg
ÁTILA SIDNEY LINS ALBUQUERQUE,M,22/11/1950,70,4,18,10,6,52,375647.89,40815.08,48656.08,88960.1,25226.78,25627.51,55751.96,39958.79,40308.69,8433.75,1909.15,0.0,NaN,479271.32,1101916.24,111623.25,110285.75,109839.91,110283.1,110284.46,111392.74,111392.74,108991.46,106430.09,111392.74,NaN,NaN,33763.0,0,https://www.camara.leg.br/internet/deputado/bandep/pagina_do_deputado/74090.jpg
ÁTILA FREITAS LIRA,M,07/04/1947,78,10,4,38,2,16,362588.62,27368.18,28286.74,49504.22,57242.97,40024.49,40329.03,36082.1,38121.27,26915.69,18651.67,62.26,NaN,450689.47,1116233.2,111623.32,111623.32,111623.32,111623.32,111623.32,111623.32,111623.32,111623.32,111623.32,111623.32,NaN,NaN,33763.0,0,https://www.camara.leg.br/internet/deputado/bandep/pagina_do_deputado/74459.jpg
DANIEL GOMES DE ALMEIDA,M,21/01/1955,90,2,0,38,0,37,355283.65,58756.35,47548.42,44459.65,51389.18,32596.32,29676.29,18598.64,16188.74,14756.9,40472.41,840.75,NaN,443871.86000000004,1116596.1,111659.61,111659.61,111659.61,111659.61,111659.61,111659.61,111659.61,111659.61,111659.61,111659.61,NaN,NaN,33763.0,0,https://www.camara.leg.br/internet/deputado/bandep/pagina_do_deputado/74060.jpg
AUREO LIDIO MOREIRA RIBEIRO,M,17/02/1979,87,1,4,44,0,1,236214.63,13290.11,19340.29,35830.76,34360.09,77355.81,25856.64,21729.25,2536.72,3535.3,2379.66,0.0,NaN,408243.11,1093262.21,109256.7,110855.41,110114.53,105572.72,110342.51,109761.58,109008.81,108623.14,109008.81,110718.0,NaN,NaN,33763.0,0,https://www.camara.leg.br/internet/deputado/bandep/pagina_do_deputado/160512.jpg
LUIZ FELIPE BALEIA TENUTO ROSSI,M,09/06/1972,79,13,0,21,6,16,268977.92,27400.21,26621.74,33713.16,35517.65,26901.38,39593.94,20224.43,23443.38,20430.29,14966.78,164.96,NaN,407478.82999999996,1047898.19,109118.18,109118.18,109118.18,109118.18,109118.18,107972.95,98261.16,98691.06,98691.06,98691.06,NaN,NaN,33763.0,0,https://www.camara.leg.br/internet/deputado/bandep/pagina_do_deputado/178975.jpg
DANIEL PIRES COELHO,M,04/11/1978,91,0,1,6,0,0,356643.22,56899.01,47545.19,47271.2,44454.63,36128.3,30323.85,32107.75,22965.49,20599.99,18151.21,196.6,NaN,458444.8,1114987.92,111319.0,111580.81,111580.81,111580.81,111332.51,111580.82,111559.7,111471.69,111474.71,111507.06,NaN,NaN,33763.0,0,https://www.camara.leg.br/internet/deputado/bandep/pagina_do_deputado/178916.jpg
DANIEL COSTA DE FREITAS,M,03/04/1982,77,0,15,3,0,0,294478.84,38606.89,24248.4,40255.97,47999.13,45138.9,30847.1,32894.95,25917.35,4096.46,4473.69,0.0,NaN,438655.58,1099503.46,105697.03,105697.03,109243.35,110816.55,110933.95,111423.11,111423.11,111423.11,111423.11,111423.11,NaN,NaN,33763.0,0,https://www.camara.leg.br/internet/deputado/bandep/pagina_do_deputado/204367.jpg
JOAO CARLOS BACELAR BATISTA,M,09/07/1957,82,10,0,22,13,17,313473.02,26982.79,49961.02,42450.93,40683.54,42946.51,35557.84,34806.54,38149.53,1144.94,646.88,142.5,NaN,442511.22000000003,1114175.05,111532.23,111532.23,111269.06,111532.24,111460.04,110935.35,111387.83,111532.24,111532.24,111461.59,NaN,NaN,33763.0,0,https://www.camara.leg.br/internet/deputado/bandep/pagina_do_deputado/69871.jpg
AUGUSTO RODRIGUES COUTINHO DE MELO,M,22/10/1962,87,2,3,39,2,21,372146.95,45160.36,50282.74,31848.38,47084.27,51557.8,50070.1,37472.37,25761.4,16881.02,15535.31,493.2,NaN,458444.80000000005,1078338.72,109231.24,110580.87,111483.62,106382.46,107116.23,110687.98,104644.11,107177.08,106702.93,104332.2,NaN,NaN,33763.0,0,https://www.camara.leg.br/internet/deputado/bandep/pagina_do_deputado/160665.jpg
DANIEL LUCIO DA SILVEIRA,M,25/11/1982,89,1,2,87,1,58,304626.81,35637.58,37560.86,37098.84,37913.96,39709.62,33297.09,28745.65,27784.42,13563.62,12600.99,714.18,NaN,393359.67,1050905.67,104730.18,106558.15,108774.14,109706.94,105193.39,103433.49,86143.8,107120.36,107862.35,111382.87,NaN,NaN,33763.0,0,https://www.camara.leg.br/internet/deputado/bandep/pagina_do_deputado/204454.jpg
DANIEL TRZECIAK DUARTE,M,04/11/1986,86,6,0,31,8,6,212359.17,9307.83,15211.53,16366.04,39352.32,18241.57,20817.46,28100.3,16051.09,16840.25,32070.78,0.0,NaN,449634.9,1044495.31,105455.53,105415.99,105436.13,105982.05,108226.36,109497.39,106036.48,94998.83,99412.79,104033.76,NaN,NaN,33763.0,0,https://www.camara.leg.br/internet/deputado/bandep/pagina_do_deputado/204409.jpg
DANILO JORGE DE BARROS CABRAL,M,21/04/1967,83,3,6,8,6,22,272413.48,23243.32,23195.87,25003.47,45722.17,49445.71,26152.01,32469.21,12877.47,8866.71,24597.36,840.18,NaN,465995.58999999997,1005945.69,95045.26,95045.26,94090.38,98095.56,99861.52,99861.52,100443.65,100923.05,111114.04,111465.45,NaN,NaN,33763.0,0,https://www.camara.leg.br/internet/deputado/bandep/pagina_do_deputado/160528.jpg
FRANCISCO DANILO BASTOS FORTE,M,01/09/1958,86,3,3,42,2,21,397193.34,67906.91,48807.99,40578.79,52959.1,80716.86,57550.28,22707.17,9622.62,6546.36,9678.36,118.9,NaN,467328.82,1052260.59,109573.04,105109.88,101753.78,107930.59,108735.93,108600.66,101671.79,104239.59,101843.93,102801.4,NaN,NaN,33763.0,0,https://www.camara.leg.br/internet/deputado/bandep/pagina_do_deputado/62881.jpg
DANRLEI DE DEUS HINTERHOLZ,M,18/04/1973,50,7,11,17,9,27,205189.33,NaN,NaN,0.0,39413.57,38636.46,43580.07,37837.68,23198.87,19647.18,2875.5,0.0,NaN,328325.77999999997,702641.09,0.0,0.0,3313.89,88602.16,92253.84,99507.11,95073.08,107705.84,108196.0,107989.17,NaN,NaN,33763.0,0,https://www.camara.leg.br/internet/deputado/bandep/pagina_do_deputado/160552.jpg
DARCI DE MATOS,M,08/11/1961,80,2,10,55,3,9,259334.73,27456.09,36324.08,39593.29,38942.67,42279.75,18366.03,26329.15,14161.38,1290.05,14538.68,53.56,NaN,446097.30000000005,1112429.82,111593.97,111623.31,111579.26,111659.67,111659.67,110174.35,110543.76,111508.04,111508.04,110579.75,NaN,NaN,33763.0,0,https://www.camara.leg.br/internet/deputado/bandep/pagina_do_deputado/116379.jpg
DAVID MICHAEL DOS SANTOS MIRANDA,M,10/05/1985,66,15,11,23,4,7,243844.22,35259.28,43349.65,32853.62,45091.15,29890.05,33147.86,10128.77,8151.54,359.02,5613.28,0.0,NaN,393359.67000000004,937841.64,111544.37,111544.37,56799.55,64345.04,100004.66,94914.31,97663.21,102324.88,100368.27,98332.98,NaN,NaN,33763.0,0,https://www.camara.leg.br/internet/deputado/bandep/pagina_do_deputado/205548.jpg
DAVID BEZERRA RIBEIRO SOARES,M,21/12/1973,63,11,3,47,12,1,181458.81,NaN,NaN,31858.14,35507.14,29111.16,37770.69,23083.39,13606.57,7900.18,2321.52,300.02,NaN,319052.33999999997,1068591.77,103135.91,105402.63,105964.51,99800.43,107637.25,108516.33,107977.68,108297.02,111277.52,110582.49,NaN,NaN,33763.0,2,https://www.camara.leg.br/internet/deputado/bandep/pagina_do_deputado/204511.jpg
MARCELO EDUARDO FREITAS,M,04/03/1976,80,4,8,66,1,1,286506.3,31421.05,43796.1,33737.54,24745.4,39348.34,29355.58,26303.93,19417.0,19550.28,18173.84,657.24,NaN,397019.81,1067668.96,104088.18,105813.1,103290.21,102664.07,110724.59,111483.8,111483.8,107272.97,107289.51,103558.73,NaN,NaN,33763.0,0,https://www.camara.leg.br/internet/deputado/bandep/pagina_do_deputado/204512.jpg
EDER MAURO CARDOSO BARRA,M,14/12/1960,79,3,10,4,0,12,325195.22,46351.28,56697.2,17871.34,52514.33,52104.65,51446.49,39019.7,6514.58,2675.65,0.0,0.0,NaN,464501.94999999995,1101131.44,111587.65,111029.67,109774.54,111611.12,111611.12,111168.32,110779.91,107856.37,107856.37,107856.37,NaN,NaN,33763.0,0,https://www.camara.leg.br/internet/deputado/bandep/pagina_do_deputado/178908.jpg
ANTÔNIO DA LUZ FURTADO,M,06/01/1972,90,1,1,73,6,18,282130.58,34263.89,43088.49,42959.2,32920.98,47359.21,16303.12,19852.22,12243.23,8009.7,21745.99,3384.55,NaN,402394.49,1115182.54,110967.56,111125.87,111617.2,111617.2,111617.2,111623.07,111653.61,111653.61,111653.61,111653.61,NaN,NaN,33763.0,0,https://www.camara.leg.br/internet/deputado/bandep/pagina_do_deputado/204451.jpg
PABLO OLIVA SOUZA,M,26/07/1976,78,0,14,112,0,30,360476.1,28267.0,51491.99,65512.79,64732.08,41341.87,31189.75,32398.76,26832.2,17440.0,988.39,281.27,NaN,494154.76,977905.08,99985.47,73344.51,92308.59,99950.28,106315.17,106987.85,101323.39,101342.41,107310.62,89036.79,NaN,NaN,33763.0,0,https://www.camara.leg.br/internet/deputado/bandep/pagina_do_deputado/204569.jpg
WALDIR SOARES DE OLIVEIRA,M,28/11/1962,86,6,0,7,5,44,137419.65,14119.59,16610.96,17642.5,17254.73,17514.69,15282.52,15088.53,12955.79,10015.33,421.51,513.5,NaN,390577.66000000003,987728.92,101978.63,99618.58,96319.6,92534.14,92534.14,94998.88,101543.63,103436.75,102749.57,102015.0,NaN,NaN,33763.0,0,https://www.camara.leg.br/internet/deputado/bandep/pagina_do_deputado/164359.jpg
DENIS ANDERSON DA ROCHA BEZERRA,M,17/03/1980,88,1,3,69,1,9,369035.79,46094.78,53674.69,52475.51,52185.85,40861.85,33475.4,24901.37,18145.39,17544.23,29104.45,572.27,NaN,481852.91,1078559.49,110743.73,108800.92,108144.99,106767.55,106327.19,107307.01,102136.31,107474.82,111617.19,109239.78,NaN,NaN,33763.0,0,https://www.camara.leg.br/internet/deputado/bandep/pagina_do_deputado/204542.jpg
DIMAS FABIANO TOLEDO JÚNIOR,M,23/05/1973,86,5,1,18,3,1,279558.39,30575.4,29897.78,33987.99,37782.58,34645.39,23877.46,33775.98,26291.36,16347.48,11938.33,438.64,NaN,397019.81,965287.1,92717.74,90647.71,88844.0,89894.36,93796.44,94254.41,100197.24,96972.36,108044.05,109918.79,NaN,NaN,33763.0,0,https://www.camara.leg.br/internet/deputado/bandep/pagina_do_deputado/160599.jpg
DIEGO LEONARDO DE ANDRADE CARVALHO,M,08/08/1977,70,22,0,7,11,9,201719.62,27409.47,32013.45,29883.01,17554.55,41393.91,15224.17,22079.82,8663.35,7497.89,0.0,0.0,NaN,397019.81,1109625.13,111580.82,111580.82,111580.82,111580.82,111580.82,111535.53,111241.15,110635.35,109154.5,109154.5,NaN,NaN,33763.0,0,https://www.camara.leg.br/internet/deputado/bandep/pagina_do_deputado/160588.jpg
DIEGO ALEXSANDER GONCALO PAULA GARCIA,M,10/10/1984,89,3,0,134,3,43,254568.08,9153.29,13917.88,34929.43,39069.9,47847.45,36301.69,32663.59,20267.53,6819.55,11139.47,2458.3,NaN,427590.45999999996,916158.19,93054.98,91310.31,97522.54,98459.58,96593.67,96173.37,99859.25,84300.62,79772.64,79111.23,NaN,NaN,33763.0,0,https://www.camara.leg.br/internet/deputado/bandep/pagina_do_deputado/178929.jpg
DOMINGOS SÁVIO CAMPOS RESENDE,M,25/03/1957,87,3,2,29,1,6,307857.07,24341.19,50435.52,43947.22,32735.37,48074.76,26928.66,27300.43,24815.98,18843.4,9599.0,835.54,NaN,398237.55,1108990.28,109833.82,109833.82,111183.95,111653.56,110747.01,110990.37,111313.88,110806.11,111313.88,111313.88,NaN,NaN,33763.0,0,https://www.camara.leg.br/internet/deputado/bandep/pagina_do_deputado/160758.jpg
DOMINGOS GOMES DE AGUIAR NETO,M,29/04/1988,79,6,7,30,6,25,341688.98,33731.48,52313.1,36169.17,53317.93,77719.59,22751.47,19502.64,3346.59,2837.01,40000.0,0.0,NaN,467013.12,1105842.15,111544.43,111544.43,110497.19,107599.23,111235.68,111617.24,111617.24,111617.24,111617.24,106952.23,NaN,NaN,33763.0,0,https://www.camara.leg.br/internet/deputado/bandep/pagina_do_deputado/143632.jpg
LUIZ ANTONIO DE SOUZA TEIXEIRA JÚNIOR,M,15/12/1973,67,0,25,14,0,22,260002.6,27501.17,33784.37,41465.77,43233.68,38833.58,24163.31,23117.56,18685.19,9168.17,0.0,49.8,NaN,402643.11,1074387.81,97653.62,97653.62,108819.42,110434.31,110434.31,110434.31,110434.31,110413.15,111647.44,106463.32,NaN,NaN,33763.0,0,https://www.camara.leg.br/internet/deputado/bandep/pagina_do_deputado/204450.jpg
JOSÉ CARLOS VERAS DOS SANTOS,M,10/08/1981,89,3,0,42,8,33,337620.48,23450.32,50658.26,60586.84,37074.81,65132.56,29707.3,34668.74,24844.59,5992.91,5504.15,0.0,NaN,463676.55,1062773.43,102271.86,100443.89,100443.89,105043.78,108026.51,106855.41,109678.36,109831.56,109119.16,111059.01,NaN,NaN,33763.0,0,https://www.camara.leg.br/internet/deputado/bandep/pagina_do_deputado/204426.jpg
CELIO ANTONIO DA SILVEIRA,M,19/09/1959,88,4,0,31,1,6,223944.75,18102.06,29238.3,30935.93,27982.39,31959.23,18044.17,17332.28,17806.01,16854.28,15646.41,43.69,NaN,390577.66000000003,1113420.47,111671.79,111671.79,111671.79,111671.79,111671.79,110968.96,109631.33,111578.65,111441.29,111441.29,NaN,NaN,33763.0,0,https://www.camara.leg.br/internet/deputado/bandep/pagina_do_deputado/178876.jpg
CARLOS ALBERTO ROLIM ZARATTINI,M,08/06/1959,86,2,4,20,1,19,296483.24,27151.54,32367.11,64118.33,25278.01,55777.06,28292.59,25051.27,14054.68,10433.06,13858.47,101.12,NaN,407478.82999999996,1115444.2,111544.42,111544.42,111544.42,111544.42,111544.42,111544.42,111544.42,111544.42,111544.42,111544.42,NaN,NaN,33763.0,0,https://www.camara.leg.br/internet/deputado/bandep/pagina_do_deputado/141398.jpg
CASSIO COELHO ANDRADE,M,12/09/1981,70,22,0,36,15,25,302152.96,21728.53,30200.32,26323.38,50683.51,58046.3,36031.58,14449.73,9264.77,3863.84,51561.0,0.0,NaN,520333.77,1114161.17,111653.55,111594.4,111574.68,111574.68,111574.68,111574.67,110238.62,111444.93,111465.48,111465.48,NaN,NaN,33763.0,0,https://www.camara.leg.br/internet/deputado/bandep/pagina_do_deputado/204499.jpg
CELIO ALVES DE MOURA,M,13/08/1953,88,0,4,55,0,34,433740.3,31534.98,24693.74,51336.16,56438.8,65154.84,58388.47,36339.51,45541.6,25197.73,35259.62,3854.85,NaN,434539.70999999996,1115443.8,111544.38,111544.38,111544.38,111544.38,111544.38,111544.38,111544.38,111544.38,111544.38,111544.38,NaN,NaN,33763.0,0,https://www.camara.leg.br/internet/deputado/bandep/pagina_do_deputado/204370.jpg
CELIO STUDART BARBOSA,M,19/06/1987,80,3,9,16,3,16,320552.47,42405.28,77088.77,34915.78,50390.81,46271.91,22564.85,25601.39,14560.4,4343.55,2409.73,0.0,NaN,469482.26,1098247.56,111276.5,111198.61,111550.82,111653.55,111653.55,107237.22,111313.87,108312.84,107025.3,107025.3,NaN,NaN,33763.0,0,https://www.camara.leg.br/internet/deputado/bandep/pagina_do_deputado/204488.jpg
CELSO MALDANER,M,30/08/1953,82,5,5,22,2,1,315669.0,24041.12,30121.77,39390.58,32327.41,41007.63,27013.34,28086.87,25892.83,22035.17,45612.04,140.24,NaN,453539.02,1104561.4,111010.67,111140.65,111370.11,108394.27,109190.92,109485.71,110743.36,111470.49,111162.32,110592.9,NaN,NaN,33763.0,0,https://www.camara.leg.br/internet/deputado/bandep/pagina_do_deputado/141405.jpg
CELSO UBIRAJARA RUSSOMANNO,M,20/08/1956,89,2,1,30,5,3,169493.77,5918.88,28583.18,23440.72,32244.15,24383.53,25438.32,19954.21,5651.37,1220.62,2658.79,0.0,NaN,422362.27,1026873.67,96961.81,98308.99,100425.4,103329.11,103522.12,104152.03,107493.07,105272.98,103828.92,103579.24,NaN,NaN,33763.0,1,https://www.camara.leg.br/internet/deputado/bandep/pagina_do_deputado/73441.jpg
CELSO SABINO DE OLIVEIRA,M,29/08/1978,77,6,9,28,4,13,335516.25,35687.11,41271.47,41719.51,35533.17,53029.49,42929.38,37781.33,16249.92,14266.05,16996.32,52.5,NaN,474153.64,1084859.43,111111.11,111280.24,111379.14,110872.2,109110.72,108438.6,109562.14,105568.87,103896.09,103640.32,NaN,NaN,33763.0,1,https://www.camara.leg.br/internet/deputado/bandep/pagina_do_deputado/204496.jpg
ANTONIO CEZAR CORREIA FREIRE,M,12/12/1973,85,0,7,38,0,39,322276.68,37003.29,36167.38,38256.8,50290.01,47505.37,20781.53,34316.1,29210.0,16683.05,11517.09,546.06,NaN,412860.88,1112642.54,111383.97,110930.03,111423.09,111423.09,111169.89,111423.09,110326.94,111485.72,111538.36,111538.36,NaN,NaN,33763.0,0,https://www.camara.leg.br/internet/deputado/bandep/pagina_do_deputado/204504.jpg
CHARLES FERNANDES SILVEIRA SANTANA,M,15/03/1965,90,1,1,35,0,6,317334.15,24256.26,47074.05,50658.86,46560.45,48292.35,27745.84,27027.0,19586.71,19284.11,6000.0,848.52,NaN,437237.59,1112836.72,111439.65,111389.19,111507.9,111507.88,110522.28,111149.99,111433.52,111507.87,111507.87,110870.57,NaN,NaN,33763.0,0,https://www.camara.leg.br/internet/deputado/bandep/pagina_do_deputado/205476.jpg
FRANCISCO JOSÉ D'ANGELO PINTO,M,11/02/1953,83,3,6,31,2,34,280812.5,31896.36,27273.29,30877.95,43620.43,41207.47,32636.24,30772.24,20679.4,17785.93,4063.19,0.0,NaN,399557.42,1113229.62,111574.71,111574.71,110060.41,111423.07,111423.07,111423.07,111423.07,111423.07,111423.07,111481.37,NaN,NaN,33763.0,0,https://www.camara.leg.br/internet/deputado/bandep/pagina_do_deputado/141439.jpg
CHARLLES THOMACELLI EVANGELISTA,M,27/12/1984,88,2,2,27,5,4,267395.69,22449.08,36430.49,47122.47,36668.39,49948.09,24701.1,21331.84,25587.97,1432.93,1723.33,0.0,NaN,397019.81,1059386.34,102330.37,102010.39,103658.78,105928.21,106859.77,104041.72,106811.02,110258.36,110258.36,107229.36,NaN,NaN,33763.0,0,https://www.camara.leg.br/internet/deputado/bandep/pagina_do_deputado/204490.jpg
CLÁUDIO CAJADO SAMPAIO,M,01/12/1963,81,10,1,24,2,1,315267.5,25338.77,40167.84,53444.52,42649.6,27640.24,33006.34,28893.21,31157.71,9849.66,22919.61,200.0,NaN,443593.48,1102608.0,111538.31,107663.1,107365.01,108851.14,111611.11,111611.11,111611.11,111611.11,111611.11,109134.89,NaN,NaN,33763.0,1,https://www.camara.leg.br/internet/deputado/bandep/pagina_do_deputado/74537.jpg
CHRISTINO AUREO DA SILVA,M,26/04/1962,87,5,0,22,7,7,361307.1,35707.47,43836.64,42917.16,48167.17,53926.39,32622.07,26143.21,21788.64,18368.8,37504.39,325.16,NaN,400543.11,1111010.04,111412.57,111647.36,107066.29,111310.13,111604.92,111604.92,111604.92,111604.92,111585.5,111568.51,NaN,NaN,33763.0,0,https://www.camara.leg.br/internet/deputado/bandep/pagina_do_deputado/204440.jpg
JOÃO FRANCISCO INÁCIO BRAZÃO,M,22/02/1962,84,0,8,50,0,4,291427.25,5628.16,25886.77,61019.13,45809.13,49940.05,27195.38,11919.52,9234.91,18772.95,36021.25,0.0,NaN,393359.67,1114045.59,111623.18,110117.12,110943.03,111623.18,111623.18,111623.18,111623.18,111623.18,111623.18,111623.18,NaN,NaN,33763.0,0,https://www.camara.leg.br/internet/deputado/bandep/pagina_do_deputado/204476.jpg
JOÃO CHRISÓSTOMO DE MOURA,M,23/06/1959,89,0,3,68,0,35,365728.23,43569.56,50409.86,41654.5,41798.47,49488.53,35493.95,36213.06,25552.93,15905.04,25148.01,494.32,NaN,494087.82999999996,1064563.22,107323.44,106208.72,102467.86,107196.5,98159.34,108000.77,107946.98,108363.78,109587.98,109307.85,NaN,NaN,33763.0,0,https://www.camara.leg.br/internet/deputado/bandep/pagina_do_deputado/204378.jpg
CLEBER VERDE CORDEIRO MENDES,M,10/05/1972,91,1,0,15,0,19,272909.88,14582.42,18944.35,47074.36,45118.81,99276.9,13222.16,16834.74,8782.05,4751.79,4322.3,0.0,NaN,463886.82,1091392.63,110588.35,105407.76,109632.33,97860.55,111342.09,111580.81,111580.81,111580.81,111580.81,110238.31,NaN,NaN,33763.0,0,https://www.camara.leg.br/internet/deputado/bandep/pagina_do_deputado/141408.jpg
LUIZ ARMANDO SCHROEDER REIS,M,23/06/1957,84,4,4,40,0,1,241911.22,12148.5,26826.54,33216.85,48925.26,49749.39,25127.17,20027.71,10975.22,4534.03,9709.47,671.08,NaN,451929.93,1092037.31,101236.1,103071.39,111201.67,110216.08,110773.16,111095.62,111269.37,111508.09,111508.09,110157.74,NaN,NaN,33763.0,0,https://www.camara.leg.br/internet/deputado/bandep/pagina_do_deputado/204376.jpg
MARCIO TADEU ANHAIA DE LEMOS,M,30/09/1965,88,0,4,61,0,14,322124.15,37359.64,45903.08,33260.17,32063.81,48565.66,27237.62,25482.15,17392.78,17775.38,18817.49,18266.37,NaN,418544.24,1088567.27,111127.47,109317.63,107351.0,101360.55,110345.01,108448.48,106340.0,111358.01,111459.56,111459.56,NaN,NaN,33763.0,0,https://www.camara.leg.br/internet/deputado/bandep/pagina_do_deputado/204514.jpg
LUIS ANTONIO FRANCISCATTO COVATTI,M,25/07/1987,89,0,3,33,1,12,351828.2,39901.49,64904.76,45888.49,45547.51,61494.69,34354.07,35673.58,7646.43,612.0,15105.4,699.78,NaN,456818.34,1087781.16,110922.09,111617.12,107422.09,109771.87,110840.89,108844.64,97398.86,110212.41,110288.12,110463.07,NaN,NaN,33763.0,0,https://www.camara.leg.br/internet/deputado/bandep/pagina_do_deputado/178963.jpg
CRISTIANO DUTRA VALE,M,10/04/1970,80,12,0,25,5,3,326454.65,20452.98,49639.93,30338.48,43108.68,49829.99,38126.87,26721.78,30470.89,32141.42,5398.27,225.36,NaN,467014.74,1053658.38,110040.22,103847.89,110040.22,105919.51,103859.15,98892.22,97650.62,104977.0,107755.43,110676.12,NaN,NaN,33763.0,0,https://www.camara.leg.br/internet/deputado/bandep/pagina_do_deputado/135054.jpg
DAMIÃO FELICIANO DA SILVA,M,28/04/1952,81,10,1,29,7,24,295938.22,33696.89,30513.3,45137.92,53251.62,39985.25,21830.0,19723.61,12971.79,10939.09,27304.0,584.75,NaN,465064.24,1061513.65,111054.03,106603.56,94753.6,91868.67,107855.77,111429.12,111429.12,109759.06,107977.67,108783.05,NaN,NaN,33763.0,0,https://www.camara.leg.br/internet/deputado/bandep/pagina_do_deputado/74467.jpg
FREDERICO DE CASTRO ESCALEIRA,M,24/03/1977,83,0,9,24,0,56,309442.84,31170.62,36914.75,41257.27,38087.59,42514.0,33769.22,28862.16,24728.5,11486.99,20435.08,216.66,NaN,411903.25,1106826.4,111212.41,111201.53,110944.53,108641.77,111313.96,110772.89,111313.96,110891.9,111313.96,109219.49,NaN,NaN,33763.0,0,https://www.camara.leg.br/internet/deputado/bandep/pagina_do_deputado/204518.jpg
JAZIEL PEREIRA DE SOUSA,M,03/05/1961,69,3,20,12,1,26,324091.32,53231.07,44873.85,55545.89,35428.27,35377.77,36517.71,20837.34,20773.89,21505.53,0.0,0.0,NaN,466969.47,1115897.66,111279.95,111565.34,111653.51,111653.51,111653.51,111477.8,111653.51,111653.51,111653.51,111653.51,NaN,NaN,33763.0,0,https://www.camara.leg.br/internet/deputado/bandep/pagina_do_deputado/204481.jpg
LEONARDO RIBEIRO ALBUQUERQUE,M,14/06/1978,91,0,1,27,1,2,313609.03,42371.4,34110.23,43935.6,51992.4,41703.89,36956.95,29525.44,11128.25,9478.35,12121.45,285.07,NaN,433708.33,1047250.04,99981.22,100959.57,99231.78,108961.58,104982.41,110759.92,111287.34,105356.57,102212.41,103517.24,NaN,NaN,33763.0,0,https://www.camara.leg.br/internet/deputado/bandep/pagina_do_deputado/204439.jpg
DAGOBERTO NOGUEIRA FILHO,M,21/07/1955,80,10,2,4,0,0,386866.83,33561.82,43913.03,45172.41,46082.3,39158.72,43879.61,41129.03,39015.61,31905.09,23049.21,0.0,NaN,445971.24,1111346.73,111166.05,111277.6,111277.6,111277.6,111277.6,111277.6,110863.55,110859.05,110859.05,111211.03,NaN,NaN,33763.0,0,https://www.camara.leg.br/internet/deputado/bandep/pagina_do_deputado/141411.jpg
JOSIAS MARIO DA VITORIA,M,02/06/1971,89,0,3,0,0,0,334991.49,39721.75,61373.19,36361.78,48373.97,37143.23,27515.03,30632.01,27567.15,22865.71,3412.95,24.72,NaN,411663.01,1103849.8,109916.03,109232.89,110340.24,110968.15,110968.15,110968.15,111559.84,110395.01,111192.57,108308.77,NaN,NaN,33763.0,0,https://www.camara.leg.br/internet/deputado/bandep/pagina_do_deputado/204355.jpg
LUIZ ALBERTO OVANDO,M,25/09/1949,86,5,1,70,0,12,340885.82,40038.05,41231.34,52947.39,46480.82,47335.38,30870.88,29474.27,27038.62,21398.59,3657.89,412.59,NaN,445971.24,973451.59,96640.72,96640.72,97315.81,97550.62,97550.62,97550.62,97550.62,97550.62,97550.62,97550.62,NaN,NaN,33763.0,0,https://www.camara.leg.br/internet/deputado/bandep/pagina_do_deputado/204351.jpg
ZACARIAS CALIL HAMU,M,05/11/1953,82,6,4,85,6,26,227416.04,25614.66,32870.88,33504.56,32975.66,32600.29,18394.14,17770.75,7364.25,5362.04,20331.91,626.9,NaN,390622.76,806210.41,83672.5,77891.18,81413.26,83956.98,83956.98,83754.79,77891.18,77891.18,77891.18,77891.18,NaN,NaN,33763.0,0,https://www.camara.leg.br/internet/deputado/bandep/pagina_do_deputado/204412.jpg
EDILAZIO GOMES DA SILVA JUNIOR,M,04/05/1981,87,5,0,12,1,0,265830.92,29645.7,67991.37,21709.65,54054.0,19692.5,28378.82,18023.27,5308.77,14235.23,6791.61,0.0,NaN,463668.58999999997,1113908.02,111402.54,111185.22,111659.65,111166.3,111659.65,111659.65,111659.65,110963.46,111241.12,111310.78,NaN,NaN,33763.0,0,https://www.camara.leg.br/internet/deputado/bandep/pagina_do_deputado/204562.jpg
ÉDIO VIEIRA LOPES,M,04/01/1952,71,5,16,18,2,5,343353.54,42432.81,39836.4,47117.63,54268.93,97784.62,14519.68,22739.81,16760.34,878.14,7015.18,0.0,NaN,506969.57999999996,1109839.83,110495.02,110495.02,111469.88,111408.97,111368.53,111370.96,111441.31,111441.31,111441.31,108907.52,NaN,NaN,33763.0,0,https://www.camara.leg.br/internet/deputado/bandep/pagina_do_deputado/141417.jpg
EDUARDO LUIZ BARROS BARBOSA,M,25/08/1958,92,0,0,90,0,17,244717.26,22913.32,25992.8,30951.65,37263.0,34686.06,29255.32,23832.28,9244.83,5608.98,24588.51,380.51,NaN,405749.1,1114565.19,111453.35,111453.35,111453.35,111453.35,111453.35,111453.35,111453.35,111453.35,111453.35,111485.04,NaN,NaN,33763.0,0,https://www.camara.leg.br/internet/deputado/bandep/pagina_do_deputado/74655.jpg
EDUARDO HENRIQUE MAIA BISMARCK,M,14/11/1981,81,11,0,72,7,9,384464.17,42771.78,48433.07,53046.89,40615.87,53171.37,35061.57,49986.03,24512.53,5591.91,31221.24,51.91,NaN,522801.29,1081811.75,108439.6,100116.32,102925.37,105453.61,109885.0,110998.37,110998.37,110998.37,110998.37,110998.37,NaN,NaN,33763.0,1,https://www.camara.leg.br/internet/deputado/bandep/pagina_do_deputado/204541.jpg
EDUARDO PEDROSA CURY,M,19/09/1963,88,3,1,73,1,3,326449.17,44245.79,43411.0,38868.35,28628.41,38316.02,37405.99,32488.4,25399.98,15738.89,21141.86,804.48,NaN,416208.12,989725.85,101582.78,92109.71,91148.77,97477.96,98965.06,103240.48,98460.6,98460.6,98460.6,109819.29,NaN,NaN,33763.0,1,https://www.camara.leg.br/internet/deputado/bandep/pagina_do_deputado/178977.jpg
EDUARDO HENRIQUE DA FONTE DE ALBUQUERQUE SILVA,M,17/10/1972,84,3,5,2,1,40,312968.63,32850.43,40394.52,45258.71,48013.04,46806.07,25355.86,21639.01,25533.18,16448.58,10669.23,0.0,NaN,458444.80000000005,1055312.52,110448.12,108787.76,97120.73,102047.21,105204.32,111471.69,102622.24,103739.73,108433.33,105437.39,NaN,NaN,33763.0,0,https://www.camara.leg.br/internet/deputado/bandep/pagina_do_deputado/141421.jpg
JOSE EDUARDO PEREIRA DA COSTA,M,16/02/1968,83,9,0,10,6,9,327904.71,37602.77,27632.71,45130.56,42628.52,64988.16,22063.45,21894.85,13694.3,16136.05,36133.34,0.0,NaN,464501.95,1112028.74,111313.96,111313.96,111421.78,111429.22,111429.22,111429.22,111429.22,110376.5,111374.63,110511.03,NaN,NaN,33763.0,0,https://www.camara.leg.br/internet/deputado/bandep/pagina_do_deputado/204500.jpg
EDUARDO NANTES BOLSONARO,M,10/07/1984,76,14,2,27,6,12,289240.67,19129.11,45801.56,20862.74,34033.24,20812.35,36151.56,54678.4,29120.22,20452.3,7817.74,381.45,NaN,420738.62,1098174.63,111598.86,111533.88,111447.23,111308.14,109360.58,109301.13,107577.22,107577.22,108466.86,110003.51,NaN,NaN,33763.0,1,https://www.camara.leg.br/internet/deputado/bandep/pagina_do_deputado/92346.jpg
ELIAS VAZ DE ANDRADE,M,04/07/1966,82,9,1,81,5,14,164723.86,15838.58,26200.21,25592.46,27999.68,27596.14,12853.99,11787.89,3017.22,323.45,13514.24,0.0,NaN,405146.83999999997,1074212.44,105866.83,105866.83,104555.04,105866.83,106630.73,108826.95,108826.95,108826.95,108826.95,110118.38,NaN,NaN,33763.0,0,https://www.camara.leg.br/internet/deputado/bandep/pagina_do_deputado/204389.jpg
EFRAIM DE ARAÚJO MORAIS FILHO,M,18/03/1979,73,9,10,6,5,14,259626.75,31920.25,54289.28,52463.46,51650.4,42763.1,7412.58,9627.39,8755.96,1.36,558.52,184.45,NaN,464774.3,1115589.62,111148.6,111617.23,111617.23,111617.23,111617.23,111617.23,111617.23,111617.23,111575.98,111544.43,NaN,NaN,33763.0,0,https://www.camara.leg.br/internet/deputado/bandep/pagina_do_deputado/141422.jpg
ADRIANO ELI CORRÊA,M,13/01/1976,82,0,10,42,0,27,259050.2,22593.3,23225.37,28285.66,57687.8,56126.53,30297.57,22196.45,6522.28,421.69,11693.55,0.0,NaN,407784.35,1048068.72,105205.6,105205.6,105205.6,105205.6,101881.14,104761.01,106115.52,106115.52,106115.52,102257.61,NaN,NaN,33763.0,0,https://www.camara.leg.br/internet/deputado/bandep/pagina_do_deputado/160532.jpg
ELI DIAS BORGES,M,01/09/1960,81,0,11,6,0,11,387768.57,31188.98,46066.46,51592.15,46239.19,48724.2,43313.71,41770.08,35826.39,32457.67,10263.37,326.37,NaN,434539.71,1104364.78,111130.49,111392.69,111205.19,108796.48,110064.23,111248.28,109041.83,110416.27,110246.84,110822.48,NaN,NaN,33763.0,0,https://www.camara.leg.br/internet/deputado/bandep/pagina_do_deputado/204364.jpg
ELMAR JOSE VIEIRA NASCIMENTO,M,06/07/1970,68,24,0,1,0,0,386883.15,11585.43,41325.81,49088.47,60314.77,42793.2,47062.33,37636.26,47299.08,35416.34,14361.46,0.0,NaN,441586.65,1088843.14,111611.09,111611.09,111611.09,111095.09,111611.09,110283.89,98339.09,103946.26,108324.61,110409.84,NaN,NaN,33763.0,1,https://www.camara.leg.br/internet/deputado/bandep/pagina_do_deputado/178854.jpg
RENATA HELLMEISTER DE ABREU,F,15/04/1982,48,14,0,5,10,18,199541.42,31109.86,31679.38,42089.94,31671.65,42896.72,3728.86,NaN,NaN,NaN,14647.92,1717.09,NaN,260818.31,1073067.29,96622.36,104075.25,110440.45,106841.6,108188.68,109718.62,106018.07,110109.96,110476.84,110575.46,NaN,NaN,33763.0,0,https://www.camara.leg.br/internet/deputado/bandep/pagina_do_deputado/178989.jpg
TABATA CLAUDIA AMARAL DE PONTES,F,14/11/1993,88,1,3,137,0,9,282707.99,38950.69,27888.06,35331.21,32068.77,49942.23,49334.59,25146.0,5016.41,3076.08,15953.95,0.0,NaN,408222.26,744732.36,90049.89,91799.32,91532.51,93743.68,102729.84,100032.77,52077.47,38232.71,30268.49,54265.68,NaN,NaN,33763.0,1,https://www.camara.leg.br/internet/deputado/bandep/pagina_do_deputado/204534.jpg
ROSIANE MODESTO  DE OLIVEIRA,F,20/02/1978,77,9,6,0,0,4,197955.03,16532.25,28174.06,22572.8,28359.47,28108.83,26531.02,14867.91,6958.44,8464.46,17101.98,283.81,NaN,445971.24,1056422.1,109718.66,110767.63,111653.67,111653.67,109880.49,109891.34,111617.27,97483.92,90265.59,93489.86,NaN,NaN,33763.0,0,https://www.camara.leg.br/internet/deputado/bandep/pagina_do_deputado/204357.jpg
ROSANA DE OLIVEIRA VALLE,F,08/05/1969,87,3,2,44,2,2,336434.57,21183.33,29131.46,53484.17,52840.25,41134.85,34551.95,41195.46,30158.94,20867.06,11662.38,224.72,NaN,411673.25,1050130.62,107098.26,107098.26,107098.26,107098.26,100284.96,91133.79,106579.32,107632.04,109901.08,106206.39,NaN,NaN,33763.0,0,https://www.camara.leg.br/internet/deputado/bandep/pagina_do_deputado/204525.jpg
SORAYA ALENCAR DOS SANTOS,F,04/12/1958,90,2,0,29,0,16,241340.36,30377.64,25882.69,44839.17,32605.66,18501.89,34461.17,25720.88,19262.46,5904.46,3618.71,165.63,NaN,408243.11,1088262.38,109912.12,110159.23,104418.43,104366.11,108917.92,108917.92,109011.86,110852.93,110852.93,110852.93,NaN,NaN,33763.0,0,https://www.camara.leg.br/internet/deputado/bandep/pagina_do_deputado/178946.jpg
SHÉRIDAN ESTÉRFANY OLIVEIRA RAMOS,F,11/04/1984,53,35,4,0,0,3,369814.95,47717.67,50310.81,47454.5,20489.75,41030.4,35713.64,41489.54,36394.17,37347.57,11866.9,0.0,NaN,501737.83,1045548.64,104351.76,98699.47,100259.52,100363.57,99170.39,111192.45,104911.24,108772.24,109791.3,108036.7,NaN,NaN,33763.0,0,https://www.camara.leg.br/internet/deputado/bandep/pagina_do_deputado/178961.jpg
SILVIA CRISTINA AMANCIO CHAGAS,F,15/01/1974,89,2,1,55,5,31,325523.93,38497.24,41381.49,41593.07,52095.78,77841.57,30489.93,21356.3,8189.34,4412.39,7253.38,2413.44,NaN,490049.07999999996,1112657.25,111374.48,110870.15,110767.11,111370.23,111247.85,111259.6,111526.12,111514.99,111410.91,111315.81,NaN,NaN,33763.0,0,https://www.camara.leg.br/internet/deputado/bandep/pagina_do_deputado/204360.jpg
ROSANGELA DE SOUZA GOMES,F,27/12/1966,77,15,0,2,0,0,318174.26,35619.36,53038.08,41099.12,30910.68,40356.2,24832.33,27594.88,28932.93,13329.32,22402.45,58.91,NaN,393359.67000000004,1114958.7,111495.87,111495.87,111495.87,111495.87,111495.87,111495.87,111495.87,111495.87,111495.87,111495.87,NaN,NaN,33763.0,2,https://www.camara.leg.br/internet/deputado/bandep/pagina_do_deputado/178945.jpg
TALIRIA PETRONE SOARES,F,09/04/1985,76,14,2,27,19,32,273502.65,35801.22,32189.96,31865.89,45403.28,29413.08,37323.98,24098.94,23355.39,10439.8,3279.24,331.87,NaN,393666.65,1114287.26,111647.51,111647.51,111647.51,111555.29,111584.31,111647.53,111647.53,110216.76,111417.0,111276.31,NaN,NaN,33763.0,0,https://www.camara.leg.br/internet/deputado/bandep/pagina_do_deputado/204464.jpg
SAMIA DE SOUZA BOMFIM,F,22/08/1989,78,14,0,32,0,3,312644.24,29863.31,33173.07,52100.08,33373.57,49527.82,25800.86,31637.36,25034.27,10727.26,21406.64,0.0,NaN,407478.82999999996,1089070.53,101425.05,108439.14,108239.71,106353.47,110257.66,110871.1,110871.1,110871.1,110871.1,110871.1,NaN,NaN,33763.0,0,https://www.camara.leg.br/internet/deputado/bandep/pagina_do_deputado/204535.jpg
TEREZA CRISTINA CORREA DA COSTA DIAS,F,06/07/1954,63,2,4,59,1,6,144090.44,NaN,NaN,0.04,21629.55,17413.02,24574.99,29064.98,17058.41,14118.74,16121.69,4109.02,NaN,325650.55,682604.66,0.0,0.0,1279.5,71166.6,104538.87,108750.39,111222.82,102614.06,93234.05,89798.37,NaN,NaN,33763.0,0,https://www.camara.leg.br/internet/deputado/bandep/pagina_do_deputado/178901.jpg
TEREZA NELMA DA SILVA PORTO VIANA SOARES,F,07/10/1957,79,13,0,103,49,35,358627.21,42581.54,41297.61,47878.77,54271.73,56885.66,33460.03,30126.11,27479.91,24072.7,573.15,0.0,NaN,455753.61,1096693.18,111471.49,109973.66,109423.19,109733.42,109422.19,104705.24,109483.86,110785.88,110860.47,110833.78,NaN,NaN,33763.0,0,https://www.camara.leg.br/internet/deputado/bandep/pagina_do_deputado/204466.jpg
ELIZA VIRGINIA DE SOUZA FERNANDES,F,02/04/1972,16,0,1,8,0,3,112324.12,NaN,NaN,NaN,NaN,NaN,NaN,5603.62,27115.41,16470.04,57435.05,5700.0,NaN,185756.8,0.0,NaN,NaN,NaN,NaN,NaN,NaN,0.0,0.0,0.0,0.0,NaN,NaN,33763.0,0,https://www.camara.leg.br/internet/deputado/bandep/pagina_do_deputado/220008.jpg
FLÁVIA CAROLINA PÉRES,F,21/01/1980,60,5,4,0,1,3,94924.34,NaN,NaN,0.0,6864.73,10563.71,18634.34,15284.18,16185.53,14441.81,12950.04,0.0,NaN,247302.46,584981.55,0.0,0.0,1906.24,70338.95,79195.45,81408.68,85648.32,88827.97,88827.97,88827.97,NaN,NaN,33763.0,0,https://www.camara.leg.br/internet/deputado/bandep/pagina_do_deputado/204354.jpg
VIVIANE DA COSTA REIS,F,05/08/1991,81,11,0,79,18,21,360325.42,50505.11,33624.12,47121.22,42779.32,38398.45,36910.98,40803.83,27107.07,21698.14,21089.09,288.09,NaN,464501.94999999995,1108885.82,111413.83,111501.88,108988.28,109564.43,110684.14,111041.26,111423.0,111423.0,111423.0,111423.0,NaN,NaN,33763.0,1,https://www.camara.leg.br/internet/deputado/bandep/pagina_do_deputado/215044.jpg
FLÁVIA CARREIRO ALBUQUERQUE MORAIS,F,26/04/1969,86,6,0,123,3,1,280484.36,31961.04,33702.59,35431.93,33636.11,33829.17,29972.17,26739.93,26234.48,22945.49,5992.05,39.4,NaN,390577.66,1110232.7,110555.68,110555.68,110555.68,110555.68,111091.22,110994.42,111182.0,111580.78,111580.78,111580.78,NaN,NaN,33763.0,0,https://www.camara.leg.br/internet/deputado/bandep/pagina_do_deputado/160598.jpg
ELCIONE THEREZINHA ZAHLUTH BARBALHO,F,05/10/1944,74,5,13,11,2,16,322904.6,18282.77,21903.47,42172.9,54698.46,50424.42,44680.57,25428.51,30182.96,15955.03,18147.74,1027.77,NaN,469733.69999999995,1090868.22,109942.97,108266.63,106606.75,106963.42,110173.43,110012.89,110173.43,111342.81,111617.17,105768.72,NaN,NaN,33763.0,0,https://www.camara.leg.br/internet/deputado/bandep/pagina_do_deputado/74075.jpg
ÉRIKA JUCÁ KOKAY,F,15/08/1957,90,1,1,132,1,16,219455.01,21175.36,26961.36,57030.55,8623.76,69810.79,1267.02,375.92,393.19,354.58,33212.46,250.02,NaN,338675.26,1104968.28,106905.18,108909.18,111417.57,111495.83,111623.02,111495.84,110449.2,109666.7,111532.23,111473.53,NaN,NaN,33763.0,0,https://www.camara.leg.br/internet/deputado/bandep/pagina_do_deputado/160575.jpg
GREYCE DE QUEIROZ ELIAS,F,15/12/1981,77,12,3,28,4,18,170916.04,14671.44,18523.74,21705.97,35221.54,45590.67,15599.72,12425.68,2786.62,2040.22,2184.36,166.08,NaN,406942.03,1068635.25,101294.97,95517.25,104632.97,104398.53,107931.21,110975.7,110129.51,110600.89,111580.83,111573.39,NaN,NaN,33763.0,1,https://www.camara.leg.br/internet/deputado/bandep/pagina_do_deputado/198197.jpg
IRACEMA MARIA PORTELLA NUNES NOGUEIRA LIMA,F,23/04/1966,35,0,4,0,0,0,160050.65,33126.14,37905.45,54717.25,-799.73,NaN,NaN,NaN,17561.17,8098.8,9441.57,0.0,NaN,288256.23,1112345.63,111653.55,110382.33,111176.32,111235.02,111235.02,111235.02,111235.02,111235.02,111304.78,111653.55,NaN,NaN,33763.0,0,https://www.camara.leg.br/internet/deputado/bandep/pagina_do_deputado/67138.jpg
Geovânia de Sá,F,30/03/1972,91,1,0,15,0,0,291293.02,24548.31,31895.95,46155.4,48301.66,38575.18,41038.25,24556.46,10926.74,3937.68,21317.39,40.0,NaN,438655.58,1099857.22,111111.81,111610.95,111659.69,111659.69,110768.99,110692.78,103468.98,111168.24,111168.24,106547.85,NaN,NaN,33763.0,0,https://www.camara.leg.br/internet/deputado/bandep/pagina_do_deputado/178966.jpg
GLEISI HELENA HOFFMANN,F,06/09/1965,66,26,0,3,1,4,355003.98,48759.04,47652.4,59416.08,55375.62,43129.42,20852.42,26211.68,23293.93,17899.82,12092.37,321.2,NaN,427545.36,1115264.2,111526.42,111526.42,111526.42,111526.42,111526.42,111526.42,111526.42,111526.42,111526.42,111526.42,NaN,NaN,33763.0,0,https://www.camara.leg.br/internet/deputado/bandep/pagina_do_deputado/107283.jpg
DIRLAINE JAQUELINE CASSOL,F,03/12/1974,81,8,3,47,8,15,296598.43,38881.19,35836.11,33841.17,57249.08,71115.17,20997.72,21444.7,11534.22,2240.92,2727.1,731.05,NaN,487580.82999999996,1101655.82,111665.59,111362.29,107986.55,110884.32,111208.12,110180.25,108177.15,110472.02,111321.85,108397.68,NaN,NaN,33763.0,0,https://www.camara.leg.br/internet/deputado/bandep/pagina_do_deputado/108338.jpg
JOICE CRISTINA HASSELMANN,F,29/01/1978,87,5,0,57,3,3,298433.25,25636.1,21173.13,72944.98,50332.77,44859.38,25702.26,16939.86,18265.67,20609.35,1969.75,0.0,NaN,407478.83,1031958.41,99430.88,106641.61,98487.95,101062.57,108786.73,110597.86,108539.98,102509.19,97950.82,97950.82,NaN,NaN,33763.0,0,https://www.camara.leg.br/internet/deputado/bandep/pagina_do_deputado/204546.jpg
LAURIETE RODRIGUES DE JESUS,F,23/02/1970,89,3,0,48,2,2,269000.95,28596.39,36787.02,28706.65,38112.66,49288.05,30104.05,18543.11,15764.41,15009.24,7961.74,127.63,NaN,425929.58,1078709.33,104287.85,105889.29,107644.06,107644.06,107976.91,100506.22,110346.11,111471.61,111471.61,111471.61,NaN,NaN,33763.0,0,https://www.camara.leg.br/internet/deputado/bandep/pagina_do_deputado/160534.jpg
JESSICA ROJAS SALES,F,28/11/1980,42,45,5,0,16,2,372828.96,36557.22,42553.73,47072.55,56770.07,58428.19,3133.62,11486.12,8024.13,2803.33,106000.0,0.0,NaN,490957.06000000006,1115845.95,111568.56,111568.56,111568.56,111568.56,111568.56,111568.56,111568.56,111571.11,111647.46,111647.46,NaN,NaN,33763.0,0,https://www.camara.leg.br/internet/deputado/bandep/pagina_do_deputado/178839.jpg
JOENIA BATISTA DE CARVALHO,F,20/04/1973,83,9,0,98,12,15,402563.84,36130.43,59868.3,85352.21,48106.28,35824.32,43428.93,39248.21,28261.77,13353.61,12562.49,427.29,NaN,516621.27,928898.32,91545.36,93767.62,92129.06,80310.66,79164.66,97275.18,102548.82,99850.5,95697.66,96608.8,NaN,NaN,33763.0,1,https://www.camara.leg.br/internet/deputado/bandep/pagina_do_deputado/204468.jpg
LEDA MARIA SADALA BRITO,F,11/06/1966,72,18,2,24,8,15,343773.35,32892.4,30026.99,54798.85,53049.21,51266.85,41748.71,31911.86,24292.55,15145.93,8540.0,100.0,NaN,477122.57999999996,1101943.16,111429.13,111306.3,109662.6,107931.96,110017.93,110446.45,110633.94,109994.1,111659.63,108861.12,NaN,NaN,33763.0,0,https://www.camara.leg.br/internet/deputado/bandep/pagina_do_deputado/204375.jpg
LÍDICE DA MATA E SOUZA,F,12/03/1956,89,3,0,56,4,4,309892.6,24968.53,36055.08,41685.69,36945.93,64741.89,25591.94,29647.64,17038.04,9156.67,23443.3,617.89,NaN,439978.57999999996,1097526.02,105717.75,109880.24,107918.25,107472.66,111089.52,111089.52,111089.52,111089.52,111089.52,111089.52,NaN,NaN,33763.0,0,https://www.camara.leg.br/internet/deputado/bandep/pagina_do_deputado/139285.jpg
MAGDA MOFATTO HON,F,26/10/1948,77,3,12,28,6,36,247802.06,41429.43,31068.63,47136.54,47632.39,46414.73,19428.88,6001.17,8505.69,115.33,69.27,0.0,NaN,390577.66000000003,1079760.32,103642.03,111061.35,110458.33,109242.74,110160.73,111392.46,111429.23,111429.23,100201.81,100742.41,NaN,NaN,33763.0,0,https://www.camara.leg.br/internet/deputado/bandep/pagina_do_deputado/166402.jpg
LIZIANE BAYER DA COSTA,F,24/01/1981,92,0,0,54,1,18,427954.39,24410.68,44680.51,52608.27,52869.92,60599.67,33727.59,34144.01,32890.25,31283.06,45549.34,15191.09,NaN,449634.9,1059539.96,109492.14,104592.92,102932.25,102694.3,104044.41,103593.63,105180.1,107815.81,109597.2,109597.2,NaN,NaN,33763.0,0,https://www.camara.leg.br/internet/deputado/bandep/pagina_do_deputado/204405.jpg
LUIZIANNE DE OLIVEIRA LINS,F,18/11/1968,82,7,3,5,6,10,386874.07,43009.21,49188.28,62832.39,40398.85,50556.05,27655.84,25583.94,55987.18,8543.4,23118.93,0.0,NaN,466969.47,1116014.42,111647.55,111647.55,111647.55,111647.55,111647.55,111647.55,111532.28,111532.28,111532.28,111532.28,NaN,NaN,33763.0,0,https://www.camara.leg.br/internet/deputado/bandep/pagina_do_deputado/178866.jpg
LEANDRE DAL PONTE,F,20/12/1975,80,10,2,31,4,23,360115.44,30663.14,49384.33,39707.22,42738.34,55109.67,32174.71,34082.73,28823.07,17999.54,29058.62,374.07,NaN,427590.46,1099930.9,108159.67,108159.67,109633.48,109791.39,109791.39,110801.97,109549.18,111428.41,111307.87,111307.87,NaN,NaN,33763.0,1,https://www.camara.leg.br/internet/deputado/bandep/pagina_do_deputado/178832.jpg
LUIZA ERUNDINA DE SOUSA,F,30/11/1934,78,14,0,37,9,14,222414.14,17316.28,17369.22,13312.38,23549.05,49196.58,41316.33,41450.36,18601.72,126.15,0.0,176.07,NaN,421789.04000000004,984473.08,106370.19,98801.78,96737.67,96737.67,96737.67,96737.67,96737.67,96737.67,96737.67,102137.42,NaN,NaN,33763.0,0,https://www.camara.leg.br/internet/deputado/bandep/pagina_do_deputado/74784.jpg
LUISA CANZIANI DOS SANTOS SILVEIRA,F,11/04/1996,82,0,10,18,0,48,285386.61,27680.49,45240.66,36807.66,34716.65,40742.27,35801.06,23760.78,18969.09,8973.68,12687.07,7.2,NaN,427941.07999999996,1065687.38,111489.76,107944.29,101185.89,106123.31,110764.8,108871.95,100476.78,99154.41,109664.15,110012.04,NaN,NaN,33763.0,0,https://www.camara.leg.br/internet/deputado/bandep/pagina_do_deputado/204410.jpg
MARIANA FONSECA RIBEIRO CARVALHO DE MORAES,F,26/11/1986,53,4,4,14,4,6,199535.84,20869.22,24814.35,47199.17,40425.87,61996.18,1826.39,NaN,NaN,NaN,2133.82,270.84,NaN,307444.94,1087643.97,110447.75,111310.98,111014.24,111416.94,111416.94,110963.22,109667.84,104478.85,105163.12,101764.09,NaN,NaN,33763.0,1,https://www.camara.leg.br/internet/deputado/bandep/pagina_do_deputado/178956.jpg
FABIANA SILVA DE SOUZA,F,09/01/1980,76,11,5,22,4,0,245752.77,19669.14,45316.31,52715.53,30152.26,32781.41,27385.49,25479.97,6199.02,5005.38,1048.26,0.0,NaN,396764.08999999997,1113455.24,111544.24,111438.52,111398.27,111315.37,111119.65,111039.6,111350.2,111350.2,111554.84,111344.35,NaN,NaN,33763.0,0,https://www.camara.leg.br/internet/deputado/bandep/pagina_do_deputado/204458.jpg
CYLMARA FERNANDES DA ROCHA GRIPP,F,04/09/1973,77,14,1,30,6,16,424540.9,56886.05,57867.3,54199.26,62724.01,46657.4,33841.62,21007.85,23443.28,30345.94,37568.19,0.0,NaN,490957.06000000006,1108625.39,110779.96,110779.96,110779.96,110779.96,110779.96,109894.35,110779.96,110983.86,111574.61,111492.81,NaN,NaN,33763.0,0,https://www.camara.leg.br/internet/deputado/bandep/pagina_do_deputado/204471.jpg
MARGARETE DE CASTRO COELHO,F,12/03/1961,81,7,4,58,5,22,360665.17,39855.5,50976.4,52735.6,50764.85,28872.48,40798.7,35963.33,15107.77,13877.11,31713.43,0.0,NaN,457872.91,1079379.91,110943.91,108857.07,110120.74,99024.19,107482.1,108590.38,108590.38,108590.38,108590.38,108590.38,NaN,NaN,33763.0,2,https://www.camara.leg.br/internet/deputado/bandep/pagina_do_deputado/204430.jpg
MARIA DO ROSÁRIO NUNES,F,22/11/1966,77,6,9,48,12,22,386674.04,45949.2,43740.41,69986.28,49177.17,42746.98,41192.91,36138.61,26246.21,12312.33,18021.79,1162.15,NaN,449634.89999999997,1090821.34,108772.35,108772.35,108876.06,111047.03,106150.54,107898.86,108449.48,109367.19,110743.74,110743.74,NaN,NaN,33763.0,0,https://www.camara.leg.br/internet/deputado/bandep/pagina_do_deputado/74398.jpg
MARIA DO PARTO MENDES ROSAS,F,01/10/1965,62,0,0,41,0,3,187092.56,NaN,NaN,NaN,18825.99,31183.42,39925.5,29239.92,24673.76,26942.82,16101.15,200.0,NaN,280070.94,1099115.16,106936.54,107061.76,110238.71,111538.37,111538.37,109915.15,107599.1,111210.42,111538.37,111538.37,NaN,NaN,33763.0,0,https://www.camara.leg.br/internet/deputado/bandep/pagina_do_deputado/204540.jpg
MARÍLIA VALENÇA ROCHA ARRAES DE ALENCAR,F,12/04/1984,64,21,7,3,5,5,274180.89,13902.07,25170.41,93784.61,29683.86,54406.01,14216.62,21165.2,10306.43,9508.71,1719.11,317.86,NaN,458444.80000000005,1069269.96,108653.71,111429.12,111429.12,109087.1,107972.58,111617.16,110853.68,111354.04,98888.69,87984.76,NaN,NaN,33763.0,0,https://www.camara.leg.br/internet/deputado/bandep/pagina_do_deputado/204428.jpg
NORMA AYUB ALVES,F,07/09/1959,77,14,1,19,8,5,273696.28,19354.87,22480.29,25213.93,34202.81,34648.47,33963.01,31584.22,23186.05,21711.62,24436.76,2914.25,NaN,411663.01,1086780.1,109263.62,109263.62,109371.25,108682.13,108282.54,109497.38,106962.54,107480.28,107282.54,110694.2,NaN,NaN,33763.0,0,https://www.camara.leg.br/internet/deputado/bandep/pagina_do_deputado/66179.jpg
MARINA SANTOS BATISTA DIAS,F,13/09/1980,90,2,0,6,1,12,356995.02,23811.47,41587.12,38764.57,41760.61,35827.39,43099.71,38934.07,25951.64,26865.0,39929.24,464.2,NaN,450689.47000000003,1114463.33,111495.88,111495.88,111311.17,111495.87,111185.14,111495.87,111495.88,111495.88,111495.88,111495.88,NaN,NaN,33763.0,0,https://www.camara.leg.br/internet/deputado/bandep/pagina_do_deputado/204432.jpg
NATÁLIA BASTOS BONAVIDES,F,15/06/1988,86,6,0,16,4,15,327078.29,31946.09,31413.95,72688.49,54961.85,61905.75,41735.22,31051.52,-1331.43,2706.85,0.0,0.0,NaN,470051.89,1028961.46,106600.62,90902.3,96132.21,102664.33,98979.97,99242.75,104019.87,107795.14,111410.75,111213.52,NaN,NaN,33763.0,0,https://www.camara.leg.br/internet/deputado/bandep/pagina_do_deputado/204453.jpg
PATRICIA LIMA FERRAZ,F,09/01/1980,10,0,0,0,0,0,55295.48,NaN,NaN,NaN,NaN,NaN,NaN,NaN,NaN,7370.23,47113.09,812.16,NaN,101207.82,0.0,0.0,0.0,0.0,0.0,0.0,0.0,0.0,0.0,0.0,0.0,NaN,NaN,33763.0,0,https://www.camara.leg.br/internet/deputado/bandep/pagina_do_deputado/205535.jpg
PAULA MORENO PARO BELMONTE,F,23/06/1973,87,2,3,62,6,27,NaN,0.0,0.0,0.0,0.0,0.0,0.0,0.0,0.0,0.0,0.0,0.0,NaN,NaNNaN,1035760.26,105453.3,105634.73,105767.33,110422.17,109556.14,107546.98,94842.01,90556.61,98626.57,107354.42,NaN,NaN,33763.0,0,https://www.camara.leg.br/internet/deputado/bandep/pagina_do_deputado/204377.jpg
MARIA PERPÉTUA DE ALMEIDA,F,28/12/1964,86,4,2,56,8,27,385876.64,40876.75,38531.07,65864.03,66620.97,53571.92,37080.29,43254.26,14245.86,16468.44,9132.17,230.88,NaN,491087.99,1103492.51,111465.58,106860.33,104769.12,111544.45,111544.45,111544.45,111499.84,111405.91,111429.19,111429.19,NaN,NaN,33763.0,1,https://www.camara.leg.br/internet/deputado/bandep/pagina_do_deputado/73943.jpg
DAYANE JAMILLE CARNEIRO DOS SANTOS PIMENTEL,F,30/01/1986,67,17,8,24,13,16,219802.92,24757.35,14536.29,33354.13,32630.75,38636.18,25835.19,21096.42,20196.27,4322.45,4205.76,232.13,NaN,437761.35,1091268.51,103819.39,108270.5,109719.5,110069.34,110134.52,109472.23,110404.13,110404.13,110398.05,108576.72,NaN,NaN,33763.0,0,https://www.camara.leg.br/internet/deputado/bandep/pagina_do_deputado/204565.jpg
MARCIVANIA DO SOCORRO DA ROCHA FLEXA,F,21/06/1973,91,0,1,34,0,6,365249.8,73518.31,24414.79,47486.37,49562.35,28947.17,39390.78,27825.99,17636.42,7286.62,43181.0,6000.0,NaN,477209.87,1113310.62,111465.49,111400.5,110738.38,111378.13,111439.63,111111.26,111351.62,111476.44,111465.5,111483.67,NaN,NaN,33763.0,0,https://www.camara.leg.br/internet/deputado/bandep/pagina_do_deputado/160641.jpg
KATIA DA SILVA SASTRE,F,04/04/1976,91,0,1,38,0,19,355919.46,34893.09,34694.24,64166.28,35385.2,36339.7,38923.8,34961.86,43018.05,29335.74,4107.45,94.05,NaN,417130.52,1056090.36,107322.54,104138.84,105140.2,105895.02,105351.11,96070.39,98655.82,111265.29,111265.29,110985.86,NaN,NaN,33763.0,0,https://www.camara.leg.br/internet/deputado/bandep/pagina_do_deputado/204529.jpg
MARIA AUXILIADORA SEABRA REZENDE,F,01/10/1964,71,0,3,69,3,41,244204.17,20187.34,51058.21,42305.79,52041.49,47722.61,22610.88,8277.85,NaN,NaN,NaN,0.0,NaN,287282.93,1033855.08,97131.95,97131.95,102063.65,104981.11,97310.99,99796.88,102973.35,109375.33,111544.35,111545.52,NaN,NaN,33763.0,0,https://www.camara.leg.br/internet/deputado/bandep/pagina_do_deputado/160639.jpg
ROSA NEIDE SANDES DE ALMEIDA,F,08/08/1963,88,3,1,40,4,5,353148.92,34234.38,47655.5,65702.41,36747.44,42534.13,32039.17,23335.58,18867.29,10899.48,21660.54,19473.0,NaN,433708.32999999996,1099986.55,111574.65,110892.89,108386.56,109037.91,110196.13,109389.74,109971.9,109688.57,109645.72,111202.48,NaN,NaN,33763.0,1,https://www.camara.leg.br/internet/deputado/bandep/pagina_do_deputado/204467.jpg
REJANE RIBEIRO SOUSA DIAS,F,04/09/1972,90,0,2,65,0,33,238951.27,16913.54,23065.31,34072.61,41316.06,35393.2,27658.11,30276.4,10634.6,10120.33,9141.1,360.01,NaN,455921.22,1022389.38,94123.29,94123.29,94123.29,96640.01,103386.0,97900.48,110730.33,111077.25,111077.25,109208.19,NaN,NaN,33763.0,0,https://www.camara.leg.br/internet/deputado/bandep/pagina_do_deputado/178925.jpg
ALICE MAZZUCO PORTUGAL,F,16/05/1959,91,0,1,70,0,28,379369.73,64843.86,35974.1,45630.28,30967.04,44643.22,33926.95,26133.78,37427.88,27482.05,32292.34,48.23,NaN,437805.04,1103738.12,109364.13,110762.68,110837.35,110137.04,110137.04,110137.04,110137.04,110131.96,111046.92,111046.92,NaN,NaN,33763.0,0,https://www.camara.leg.br/internet/deputado/bandep/pagina_do_deputado/74057.jpg
ADRIANA MIGUEL VENTURA,F,06/03/1969,92,0,0,75,0,2,31565.42,91.69,11201.41,6.17,12078.93,2012.14,3326.52,2525.67,-16.36,0.51,338.74,0.0,NaN,407478.82999999996,458319.07,46239.34,47876.22,45155.54,47484.47,50501.69,47810.2,53606.39,43951.57,36862.01,38831.64,NaN,NaN,33763.0,0,https://www.camara.leg.br/internet/deputado/bandep/pagina_do_deputado/204528.jpg
ALINE PARANHOS VARONIL GURGEL,F,25/11/1980,78,11,3,16,7,27,424332.48,42916.79,55902.66,41953.93,40253.23,74755.05,10460.16,40552.36,44238.07,50000.23,23300.0,0.0,NaN,482312.14,1109475.15,111429.18,111160.99,111429.2,111429.2,111429.2,111429.2,111429.2,111429.2,109688.29,108621.49,NaN,NaN,33763.0,0,https://www.camara.leg.br/internet/deputado/bandep/pagina_do_deputado/204353.jpg
ALESSANDRA SILVA RIBEIRO,F,04/07/1974,82,6,4,54,10,10,256412.0,21847.22,26068.76,54557.47,38257.92,39369.73,21249.25,15093.79,19228.94,15225.62,5513.3,0.0,NaN,399532.6,757373.84,73391.76,71163.83,70424.23,71271.43,75507.41,78795.1,74373.3,79377.41,79377.41,83691.96,NaN,NaN,33763.0,0,https://www.camara.leg.br/internet/deputado/bandep/pagina_do_deputado/204545.jpg
ALINE SLEUTJES,F,26/07/1979,81,11,0,25,7,5,260137.48,17590.89,37246.93,44589.79,28504.61,62024.69,25909.67,20829.47,10742.51,4466.72,8102.19,130.01,NaN,432100.58999999997,1047581.56,108562.89,107823.39,108054.31,102862.93,104407.0,105903.3,107141.12,104241.48,105514.93,93070.21,NaN,NaN,33763.0,0,https://www.camara.leg.br/internet/deputado/bandep/pagina_do_deputado/204400.jpg
ANGELA REGINA HEINZEN AMIN HELOU,F,20/12/1953,88,4,0,61,1,0,331056.32,32420.59,44149.4,54673.99,50177.8,45917.82,36925.47,34965.84,19369.26,7069.38,5386.77,0.0,NaN,447995.92000000004,1087642.74,108469.01,109010.6,110962.23,109111.95,109111.95,108914.61,107061.71,107061.71,107061.71,110877.26,NaN,NaN,33763.0,1,https://www.camara.leg.br/internet/deputado/bandep/pagina_do_deputado/73696.jpg
ANTÔNIA LUCILÉIA CRUZ RAMOS CÂMARA,F,17/07/1970,12,0,6,0,0,0,95740.47,NaN,NaN,NaN,NaN,NaN,NaN,10196.26,16452.3,17609.15,48732.76,2750.0,NaN,203005.71000000002,0.0,NaN,NaN,NaN,NaN,NaN,NaN,0.0,0.0,0.0,0.0,NaN,NaN,33763.0,0,https://www.camara.leg.br/internet/deputado/bandep/pagina_do_deputado/123756.jpg
ÁUREA CAROLINA DE FREITAS E SILVA,F,20/11/1983,75,17,0,22,5,5,297321.47,15048.1,17211.99,32300.99,50919.99,47628.8,36660.42,25545.07,22852.05,27143.68,22010.38,0.0,NaN,397019.11,1106538.1,110482.87,110320.03,111502.08,111502.08,111502.08,111499.25,111417.08,111417.08,111417.08,105478.47,NaN,NaN,33763.0,0,https://www.camara.leg.br/internet/deputado/bandep/pagina_do_deputado/204509.jpg
BENEDITA SOUZA DA SILVA SAMPAIO,F,26/04/1942,45,46,1,22,17,16,278286.52,27548.63,36708.62,32332.8,38159.47,42904.22,28769.87,17965.43,15365.95,9555.15,28558.54,417.84,NaN,393359.67000000004,1114575.79,111495.9,111448.24,111228.98,111228.98,111228.98,111354.55,111647.54,111647.54,111647.54,111647.54,NaN,NaN,33763.0,0,https://www.camara.leg.br/internet/deputado/bandep/pagina_do_deputado/73701.jpg
BEATRIZ KICIS TORRENTS DE SORDI,F,19/09/1961,89,3,0,56,3,4,210127.69,25190.49,25724.28,26105.29,27799.7,29874.33,15473.15,16116.39,14243.78,13146.49,15768.83,684.96,NaN,352704.69,1114049.3,111271.47,111271.47,111271.47,111271.47,111271.47,111538.39,111538.39,111538.39,111538.39,111538.39,NaN,NaN,33763.0,1,https://www.camara.leg.br/internet/deputado/bandep/pagina_do_deputado/204374.jpg
BRUNA DIAS FURLAN VICENTE,F,28/04/1983,39,0,4,0,0,0,75896.65,12812.15,15234.17,17325.26,17939.4,NaN,NaN,NaN,283.61,5769.8,6302.2,230.06,NaN,261176.8,986727.25,102008.81,103337.22,104665.63,85126.66,89553.78,105191.41,111416.96,104020.17,87826.95,93579.66,NaN,NaN,33763.0,0,https://www.camara.leg.br/internet/deputado/bandep/pagina_do_deputado/160589.jpg
HILKEA CARLA DE SOUZA MEDEIROS LIMA,F,02/07/1976,91,0,1,62,0,5,292219.33,24586.19,44761.07,52267.87,31382.92,38231.83,32701.13,15878.04,19847.11,8928.74,23322.67,311.76,NaN,479974.11,1112342.45,111271.39,111271.39,111271.39,111271.39,111271.39,110132.42,111538.26,111238.3,111538.26,111538.26,NaN,NaN,33763.0,0,https://www.camara.leg.br/internet/deputado/bandep/pagina_do_deputado/213762.jpg
CARLA ZAMBELLI SALGADO DE OLIVEIRA,F,03/07/1980,79,12,1,10,5,12,257255.9,35310.53,29972.46,28196.83,21729.23,51011.16,22816.95,21987.75,14571.57,14918.4,15785.86,955.16,NaN,411059.29000000004,1095690.52,111549.61,111299.27,110215.67,105302.52,108206.27,105657.79,108726.99,111400.84,111665.78,111665.78,NaN,NaN,33763.0,1,https://www.camara.leg.br/internet/deputado/bandep/pagina_do_deputado/204507.jpg
CARMEN EMÍLIA BONFÁ ZANOTTO,F,06/10/1962,92,0,0,62,0,15,231024.12,15385.24,28801.18,31514.98,30373.86,35066.26,31040.14,26674.03,14544.84,11565.37,6058.22,0.0,NaN,438655.57999999996,981103.21,101754.2,102247.05,101219.81,102930.96,102930.96,101603.76,86458.75,91918.18,92236.93,97802.61,NaN,NaN,33763.0,0,https://www.camara.leg.br/internet/deputado/bandep/pagina_do_deputado/164360.jpg
CAROLINE RODRIGUES DE TONI,F,01/09/1986,91,0,1,45,1,11,103640.66,1577.63,9002.78,14101.09,11285.98,24174.38,15473.46,14468.42,7103.83,3096.89,2233.46,1122.74,NaN,441071.72,910528.01,84266.39,86627.52,88148.33,92593.08,96367.63,96367.63,93146.11,92800.95,92800.95,87409.42,NaN,NaN,33763.0,0,https://www.camara.leg.br/internet/deputado/bandep/pagina_do_deputado/204369.jpg
CELINA LEAO HIZIM FERREIRA,F,02/03/1977,71,2,19,18,1,23,101582.4,1190.04,11101.64,13853.72,18215.77,17835.36,15949.33,14392.13,6642.14,2402.27,0.0,0.0,NaN,345858.69999999995,1102763.97,110531.62,110840.11,110489.74,109406.57,110401.05,109266.63,109432.72,110798.51,110798.51,110798.51,NaN,NaN,33763.0,1,https://www.camara.leg.br/internet/deputado/bandep/pagina_do_deputado/204380.jpg
CHRISTIANE DE SOUZA YARED,F,23/02/1960,83,9,0,27,6,5,308558.9,23957.3,44324.43,35762.57,54189.41,41149.82,32246.76,23122.06,18987.0,15357.26,19462.29,0.0,NaN,427590.46,1091077.27,108772.44,108772.44,108772.44,108772.44,108366.22,104176.55,111586.94,111586.94,111586.94,108683.92,NaN,NaN,33763.0,0,https://www.camara.leg.br/internet/deputado/bandep/pagina_do_deputado/178928.jpg
CLARISSA BARROS ASSED MATHEUS DE OLIVEIRA,F,02/07/1982,86,0,6,37,0,14,288771.19,7971.69,16907.3,54747.61,49861.8,57969.92,53352.84,20869.99,15804.77,9670.34,1555.17,59.76,NaN,393403.31,1112908.07,110918.38,110319.03,110945.19,111532.21,111532.21,111532.21,111532.21,111532.21,111532.21,111532.21,NaN,NaN,33763.0,0,https://www.camara.leg.br/internet/deputado/bandep/pagina_do_deputado/178939.jpg
DANIELA MOTE DE SOUZA CARNEIRO,F,10/02/1976,80,10,2,42,9,9,304951.63,35968.58,36604.61,48540.64,61049.56,50236.04,27308.97,20808.56,13155.35,11253.04,0.0,26.28,NaN,393359.67,1097670.85,111004.43,110578.75,110970.4,111234.95,111234.95,111234.95,111234.95,110155.05,109870.15,100152.27,NaN,NaN,33763.0,0,https://www.camara.leg.br/internet/deputado/bandep/pagina_do_deputado/204459.jpg
SORAYA DE SOUZA MANNATO,F,10/03/1961,92,0,0,111,0,64,276291.75,31353.75,37397.79,57239.48,36607.77,43635.09,15176.75,23098.74,18128.98,8706.64,4946.76,0.0,NaN,415722.13,1100822.25,111501.77,111501.77,110559.03,110173.36,110920.06,110221.1,107709.88,107907.12,109518.27,110809.89,NaN,NaN,33763.0,0,https://www.camara.leg.br/internet/deputado/bandep/pagina_do_deputado/81297.jpg
VANDA DENIR MILANI NOGUEIRA,F,17/09/1953,72,13,7,31,11,22,391634.75,45066.55,49027.62,29462.19,36127.46,71009.98,22618.07,41106.51,44816.37,25900.0,26500.0,0.0,NaN,490957.06,1103843.63,109028.91,110980.61,111507.9,109468.16,111544.28,110383.9,111280.73,111580.69,111580.69,106487.76,NaN,NaN,33763.0,0,https://www.camara.leg.br/internet/deputado/bandep/pagina_do_deputado/204434.jpg
DULCE FERREIRA PAGANI MIRANDA,F,15/12/1963,84,8,0,78,11,8,385034.3,17405.28,54422.42,66007.2,43629.27,48597.93,16964.63,42936.18,44081.35,12782.41,38029.26,178.37,NaN,449423.14999999997,1102626.13,111515.73,108469.11,109947.21,108778.45,110497.62,110780.17,110780.17,110780.17,110297.33,110780.17,NaN,NaN,33763.0,0,https://www.camara.leg.br/internet/deputado/bandep/pagina_do_deputado/178994.jpg
EDNACE ALVES SILVESTRE HENRIQUE,F,04/09/1958,52,9,1,13,7,6,243584.49,NaN,NaN,NaN,21722.42,41564.86,44584.53,40428.22,32338.39,34109.42,28606.65,230.0,NaN,316645.29,1109015.64,110222.29,107865.76,109797.12,111663.63,111512.59,111590.85,111590.85,111590.85,111590.85,111590.85,NaN,NaN,33763.0,0,https://www.camara.leg.br/internet/deputado/bandep/pagina_do_deputado/204421.jpg
